1,-0.030733445,-0.656739393,-1.02120333,-0.448275964,2.037519479,2.509750446,0.328242215,0.581961227,-0.598146993,-0.421915868,0.566070514,0.562458156,0.687299364,0.612589911,0.084143928,0.40917933,-0.885214092,0.048901444,-0.467930312,-1.043451147,-0.269667705,1.10267175,-0.723496625,0.136544831,-0.13975527,0.99402345
2,-0.519093844,-0.584099892,0.500638055,-0.919690063,-0.615974117,0.274520162,0.20236629,-0.405626545,0.221922892,-0.474173503,-0.680207029,-0.55814954,-0.695776604,-0.603296263,-0.859550926,-0.345387326,-0.306810967,0.198102946,-0.476503321,-0.476406815,-0.60993474,0.861340856,0.977306542,-0.026568699,0.108059492,0.051430895
3,-0.56953761,-0.814861476,-0.720147693,-0.698601344,-2.221302882,-1.985746351,-2.47134461,-1.974002947,0.841722928,-0.352988095,-0.851462522,-0.570274219,-0.268996692,-0.25250377,-1.339984396,-1.432030079,-1.463938198,0.62413291,-0.768797192,-0.855105971,-0.392206706,-0.739462959,-1.261032824,-0.734836553,-0.765449102,-1.158904756
4,-0.357149517,0.008386456,-0.788786568,-0.017533038,0.754210852,0.552733788,0.437143521,-0.362467816,0.126240446,-1.432881624,-0.641175681,-0.158490375,-0.181618596,-0.172449928,-0.473762376,1.098592926,0.466577031,0.249621468,-0.666578512,-0.234419555,-0.286572555,-0.12141573,0.010693351,-1.072233898,0.303542278,-0.287610711
5,-0.936607532,-1.314661429,-0.696009362,-0.741394573,-0.044724645,-0.524619229,-2.293659301,-1.557803876,0.799660192,-0.753861649,-0.279865986,-0.76285543,-0.303561734,-0.31262768,0.2042554,0.180512511,-1.305841498,0.769181245,-0.14679634,-0.54722652,-0.614607216,-1.096950656,-1.320119631,0.149643972,-2.335943854,-1.512472658
6,-0.974407639,0.313923733,0.744031768,-0.449030019,-0.157872988,-0.786966567,0.076382998,-0.191897614,0.464590528,-0.096213346,-0.621956801,-0.093804243,-0.710246069,-0.362312253,-1.056842004,-0.675612622,0.361330934,0.671284394,-0.590849087,-0.172791736,-0.694129309,-0.402371206,-0.340670036,0.160417254,-0.637049676,-0.828212191
7,-0.467467502,-0.593093711,-0.260570136,0.138202418,-0.174493032,0.680138463,1.427225592,-0.372236269,1.120492719,0.14932424,-0.379360749,-0.252628557,-1.04565459,-0.330939914,0.103068857,-0.159805141,0.008002046,-0.067699794,0.103039385,-0.690049317,-0.253450896,-0.042617625,-2.920131544,-0.845238071,-0.165784895,0.68740634
8,0.036357902,-0.066727713,0.851317903,-1.64580455,-1.198983002,-0.907820986,-0.847607219,1.331691519,-0.047769512,-0.677174753,-0.678820379,-0.58634412,-0.565647247,-1.959303152,-1.213695518,-1.88986958,-0.95408314,1.752939569,-0.923107888,-0.715529141,-0.567332671,-1.337953778,0.30114624,-1.288942407,-2.06036462,-2.125294657
9,-0.631810189,0.70467482,-0.973579174,-0.682122249,0.902617985,0.251949288,0.019131097,-0.462755198,0.42791054,0.925110855,-0.192031768,0.495720363,-0.024973907,1.314195531,1.240547805,0.270930491,1.206144972,-0.739129613,1.188222453,-0.101085546,-0.531138506,0.36727341,-2.191149674,1.362412728,1.760766853,1.432140526
10,-0.167777628,-0.395938805,-0.704474242,-0.7325889,-0.25751225,-1.148966693,-0.494608551,-0.10503702,-0.026919507,-0.694543602,-0.402663193,-1.053033702,-0.424699609,-1.428736889,-0.942738145,0.002706636,1.07149633,-0.288710274,-1.110096613,-0.022471954,-0.011772405,-0.805148566,-0.229511237,-0.268834911,-1.240942768,0.746581721
11,-0.203549515,-0.231251928,0.503495397,-0.26547967,-0.47392468,-1.583489114,1.786225427,0.448923386,0.191644924,-0.597684681,-0.845540096,-1.173341468,-1.022021395,-0.440089788,-0.607075119,-1.139623358,-1.52889963,0.912619285,-0.941994664,-1.075979378,-1.378729631,-1.150781875,-2.288509489,-0.469781526,-2.543958035,-1.606366123
12,-1.024451551,-0.733379476,-1.071958707,-0.055094744,-1.50464179,-1.074287546,-0.230668419,-1.117854953,0.429627396,-0.449786888,-1.233908195,-1.252177401,-0.043787373,-0.026287998,-1.595191826,-1.454782118,-0.943900499,1.831076254,-0.972600509,-0.423634809,-0.550546817,-0.359394099,-0.413762295,0.622442737,-1.513112252,-0.669958926
13,-0.663922642,-0.824630938,-1.113462086,-1.494588995,-0.607616525,-1.208086457,-0.106734469,-0.065968963,0.280190594,-0.464175543,-0.594892817,-1.24326575,-1.136250623,-0.317390753,-1.074404549,-1.09711353,-1.716005482,1.244847755,-0.501625836,-0.616457174,-0.953971236,-1.455555788,-2.277084469,-2.551185173,-0.877484957,-2.463665769
14,0.069203385,0.144644181,1.327282126,0.54381555,0.572558804,0.602205552,0.607432398,0.775075324,-1.243067249,0.151437592,0.768268147,-0.013633217,0.490691825,0.044796609,0.12469479,0.982314533,0.491832156,-0.613851591,-0.048255242,0.281773233,0.346148652,-0.078420358,0.524152312,-0.049950333,0.555755696,1.08264377
15,2.43221027,0.887377385,2.672825823,1.677829166,0.143754129,-0.373376304,1.383577616,1.646197216,0.177388191,1.807656544,0.764383593,2.190471892,0.529589939,0.962877989,-0.375589453,1.357162369,1.465104738,-1.275257906,1.256095928,-2.320237295,4.671466193,0.459776277,-3.470061778,-0.41398523,0.77367207,-0.561430879
16,-0.448656635,-0.074486067,-0.478482411,-0.74162962,-1.152927047,-0.70958424,-0.291297134,-1.041837403,0.806191232,-0.343993754,-0.784282379,-0.519735358,-0.331988134,-0.273303387,0.012570424,0.752488006,-1.685522893,0.110975955,-0.459702584,-0.058917829,-0.00767563,-0.54321567,0.702090245,0.175040156,1.430682012,1.008186316
17,0.452299717,1.715958687,0.34733398,0.899073456,-1.308259917,0.408526262,0.601064574,-1.040037273,-0.888397647,-1.010950886,-0.593019878,-0.001849442,-1.245207839,-1.399449972,-0.43476298,-2.84925401,-1.802653296,1.205062042,-0.359746605,-0.715431003,-0.976210398,-0.59638277,-1.477018012,-1.814741744,-0.222450106,-0.793750293
18,-0.579798679,0.211090214,1.05538651,-0.176509309,0.442773263,0.335282836,0.53303722,0.847893696,-0.086974094,-0.274958002,-0.34382985,-0.813597372,0.148808174,0.179879881,-0.065247003,-0.206807626,0.467870919,0.05497412,-0.2789973,-0.325307442,-0.153154358,-0.061112487,-0.696370235,-0.166855583,0.030718609,-0.720819648
19,3.10206988,3.891679005,3.124575016,4.253673961,1.470899468,2.511375355,3.470057617,1.691944161,-3.124944054,-1.813831246,1.318134668,2.982413156,0.771338794,1.851888966,-0.877363643,5.514463872,0.800867304,-2.817767322,-0.889113835,4.242476436,1.841556793,1.131764571,-0.817261408,0.875101137,2.459722315,2.243977111
20,3.114474064,1.454570506,3.250212933,1.070734133,0.408009723,-1.107611131,1.641210215,2.314379074,-2.214857118,-3.175260304,1.811226432,0.813420625,4.620172692,-0.608825505,0.208348553,-1.436819368,0.072272307,-4.239499927,0.707273154,0.149822527,4.422577731,-1.54246638,-0.800012396,-0.247413717,0.45068968,1.432525528
21,-0.943609911,-0.618419871,-0.950024041,-0.452978128,0.020962464,-0.187962092,-0.21311588,0.581227124,-0.506021764,-0.039905032,-0.526889836,0.087742924,-0.581554162,0.376354259,0.056453427,0.243986799,-0.333003995,0.170557494,0.635257999,-0.80620313,-0.210120712,-0.811273969,-0.81757653,-1.07677144,-0.663919734,-1.268788471
22,-0.073516019,-0.791187722,-1.16986065,-1.347785363,0.041690445,0.429925008,1.092728609,-0.684822373,0.083788192,-0.980052562,0.492121231,0.699743194,-0.558656971,0.096521648,-0.509142496,1.262321614,0.06864632,0.310341667,-0.284875257,-0.041115065,0.800996918,-0.380291519,1.447416533,0.56636475,-0.688747914,-0.327766678
23,-0.878629784,-0.84853267,-0.502287717,-0.393066583,-0.077543024,0.684883077,-0.843678331,-0.789038796,0.090491116,0.080098687,-0.422546275,0.145060374,-0.701309739,0.747967898,-0.135081273,0.458307786,0.490539485,0.717944768,-0.40085083,0.55067711,-0.913925495,0.07479542,0.325782372,-0.827784731,0.02921308,-0.467303551
24,-1.254178728,-0.165424721,-0.848612339,-0.241594651,-0.274696381,0.790210648,0.963448538,-0.793709876,1.108525094,-0.651895613,-1.179310654,-0.404374802,-0.09532009,0.115422509,0.329456409,-1.779734812,-0.509229028,0.841045332,0.258265608,-0.395568973,-0.888451928,-1.091886789,-1.579546833,-1.961650875,-1.163098371,-0.557838919
25,-0.346305681,-0.568954435,-0.396604154,-0.166356463,-1.620775295,-1.747688306,-1.471068396,-1.75129016,1.479019532,-1.362385831,-0.765728994,-0.057640243,-0.725850857,-0.322469765,-1.274584688,-0.582690975,-1.161652253,-0.319831466,0.104847017,-0.297503396,-0.648209857,-1.136385176,-1.548153552,-3.021580162,-1.135078671,-1.818745726
26,-0.513062798,-0.977221098,-0.83521014,-0.696583785,-2.489179895,-1.751590346,-4.34800741,-1.971183733,3.258157952,-0.791905426,-0.734860531,-0.370063682,-0.008437125,-0.3574334,-0.380805853,-1.256123976,-1.38708213,0.092711318,0.135859838,-0.02296802,0.36639115,-0.133418112,1.162830662,-2.335748539,-1.139327284,0.238494388
27,-0.272114852,-0.774852094,-0.351408282,-1.004161655,-0.830078306,-0.82885627,0.272569365,-0.539742765,0.826484611,-0.37546272,-0.846146231,-0.76000922,-1.170159829,-0.799593671,-0.086355307,-0.766332196,-1.265788536,0.48078365,-0.520665993,-0.605051211,-0.368783542,-0.195036196,-0.213798138,2.724626694,-1.345834675,0.611010206
28,-1.643591957,-1.379193191,-1.955692283,-0.785946391,0.232542567,0.522758026,-1.139189716,-1.296048735,0.101605735,-0.383886358,0.270049326,0.435215883,-0.218951013,-0.001561733,-0.228802288,0.345739064,0.943865362,-0.509168941,-0.539079821,-0.136092372,-0.062643848,-0.983487255,1.206520252,-0.188961169,0.525992259,-1.337939686
29,-0.459676255,-0.354098761,-0.963442262,-0.894058655,-0.298408847,-0.81368141,-0.099320994,-1.577962121,0.89146049,-0.028271479,-1.023524369,-0.772801017,0.185465537,0.669347882,0.189075778,-1.143031764,0.568772677,-0.315222365,-0.402896502,-0.901137411,-0.233115881,0.227795854,1.001975881,-0.325086783,-1.086162109,-0.656829574
30,2.032302168,3.421209054,1.343794919,0.791073946,1.201664147,0.134482445,2.194640727,1.657453403,-0.021853381,-0.687606726,-0.862055936,-0.802675598,-1.251200051,-1.75798752,-1.620932931,-2.503313818,-0.682704369,2.556280898,-0.600471682,-0.662081717,-0.726406669,-1.056823556,-2.059319367,-2.819225459,-0.537255618,-3.180054787
31,-0.640625717,-0.374306148,-0.365873683,-1.022049412,-0.977601081,-0.942531535,-0.245343872,-0.895299817,0.813508976,-0.766518948,-0.477136094,-0.722352278,-0.950743076,-0.71478802,-0.121509797,-0.433350286,-0.876330778,0.235777883,-0.287556843,-0.844687645,-0.829353924,-1.294221741,-1.87822285,1.749406946,-0.105393725,0.645543568
32,-0.778587453,-0.600761194,0.307528054,-0.447412285,-0.190947251,0.145198086,0.012474055,-0.69330252,0.769546494,-0.754242516,-0.821680842,-0.513891658,-1.376186439,-1.469749003,-2.303839971,-0.443463281,-1.817252589,2.258742959,-0.8176671,-1.28492894,-1.369097704,-1.779658065,-2.040424713,-1.962364431,-1.383178402,-3.885487928
33,-0.095148589,0.028551516,0.098179422,0.116030195,-1.101974052,-0.387958313,-0.843104499,1.380146792,0.37934402,-0.488981679,-0.465360345,-0.651713593,-0.605285297,-0.52607382,-0.486652485,-0.32630556,-0.93271,0.331161754,-0.89669353,-0.810930724,-1.021477516,-1.338061272,-1.670727091,-0.654299933,-0.821092864,-0.449206007
34,-0.738819868,-0.808658858,-0.763573744,-0.633948807,-0.699255995,0.260483098,-0.262543231,1.218583745,0.535743986,-0.519722438,-0.363082987,-0.581177996,0.015292642,-0.734739519,-0.537138156,-0.153071694,0.99894963,0.570383054,-0.393634512,-1.009633912,-0.977671422,-1.145867763,-1.245486973,-0.570983146,-0.225404869,-0.453510646
35,-0.711028566,-0.410852441,-0.033992641,-0.633627417,-0.680156899,-0.592183471,-0.067219013,-0.320753589,0.544168973,-0.739721948,-0.639171068,-0.538693584,-0.381909417,-1.201622747,-0.515614857,-1.134546633,-0.927300564,1.239730557,-0.650818599,-0.950511636,-0.856228533,-0.502458706,-2.411031901,-0.411310561,0.626932068,-0.273262122
36,0.851520978,1.069675361,0.832008351,0.36909881,0.050373015,0.516982103,1.34442981,0.615250274,-0.246960301,-0.333513359,-0.321434776,-0.08530626,-0.037348572,-0.002031656,-0.410524034,0.258589023,0.540614848,-0.076662859,-0.260268947,-0.812823605,-0.168322522,-0.285123502,-0.213237337,-1.045121711,-0.794282331,-0.762268147
37,-0.496023778,-0.736643468,-0.480911283,0.305636984,-2.388406165,-1.24190015,-1.629712962,-0.762188257,0.007911577,-0.593723323,-0.403280938,-0.368273516,-0.662555281,-1.8820079,0.172047832,-1.217532872,-0.547433429,0.382241596,-0.454294547,-0.40694055,0.774559772,1.259482672,0.021835497,-2.551235308,-1.240891027,2.034959628
38,-0.062822129,-0.76138522,-0.048657315,-0.923773593,-1.117747223,0.093910506,-1.834774655,-0.253445672,0.327477048,-0.022984426,-0.938163409,-1.026711919,-0.302736814,-1.734117416,0.067986742,-0.8536263,-1.291471132,1.943278405,-0.997507729,-1.153093701,-0.775261759,-2.196514205,-2.580374759,-1.310723945,-1.199196977,-0.909018483
39,-0.503008456,0.057555484,-1.033181365,-1.025787863,-1.268741885,0.167382491,-0.845164025,-0.391353138,-0.000600872,-1.073454879,-0.622742408,-0.740118621,-0.872101575,-0.16739101,-0.875785068,-0.346304152,-0.825820872,-0.234300961,0.645117575,-0.185075375,-0.856780925,-0.706941826,-0.755747463,-0.745888425,-0.361345143,-0.787254554
40,-0.964375275,-0.86498972,-0.670911645,-1.114630258,-1.016607873,-1.395832084,-0.262816298,-1.954535744,1.196419653,-0.416991013,-0.633090003,-0.297522374,-0.774568066,-0.132324348,0.881232358,-0.855044505,0.420753349,-0.436884048,-0.561625484,-0.699603761,-0.427061087,-0.989431766,1.299857164,0.30580179,-1.061156172,0.558386293
41,-2.475928665,-0.894108046,-0.751251369,0.977997728,-2.687434797,-1.637503117,-2.252909193,-0.69782588,1.562457107,-0.508712376,-0.777541455,-0.781610702,-1.059964637,-1.540632243,0.033372627,0.49447032,-0.300029154,0.607500216,-0.175425497,0.667697916,0.497223009,1.833954179,0.308067024,1.597711818,3.024359085,4.418242927
42,1.658537804,0.862826292,0.835655416,-0.321327511,0.927892205,-0.552845235,1.548832404,2.088282185,-0.25281277,-0.744008536,-0.856650367,-1.037615656,-0.700632044,-1.319763022,-1.393078651,-2.161824215,-1.278344589,0.878350489,-1.263325418,-1.263666411,-1.997916641,-1.009757395,-2.061840094,-1.341906665,-1.872630324,-2.207478035
43,-1.297040146,-1.349040342,-0.992878355,-0.316748794,-0.63566264,0.034246633,-1.16407128,-2.204455805,0.214213927,-0.297766848,-1.257129913,-0.962315854,-0.641038505,0.38531687,-0.303186674,0.061274234,0.078509947,-0.07899506,-0.792529808,-0.834995213,-0.1993394,-0.686338151,0.708859297,-1.014437982,0.589735347,-1.298277464
44,-0.309535046,-0.513331347,-0.398598152,1.172352053,1.154979207,1.276476983,-0.704952814,-0.531353981,-1.612646242,0.010033313,0.494506213,0.118887044,0.887501714,1.505268585,0.346697733,1.193095017,1.029899564,-0.625484052,0.312382623,0.470870826,-0.555275552,0.55381633,1.113796342,-1.169100668,0.314262252,-0.984404324
45,-0.752121036,-0.973804053,-1.52856035,-1.075994003,-0.900632432,-0.586098777,-0.136311433,-0.382985603,0.634556466,0.363484579,0.062399468,-0.685715358,-0.615618927,-0.499130237,-0.488025425,-1.59201633,-0.648644796,0.983825228,-0.234092999,-0.967195528,-0.916197937,-1.317244178,-1.618141281,-0.159463304,-1.882337312,-2.139549978
46,-0.11917629,0.479956538,0.809337875,0.046839722,0.334668271,0.01149418,0.129616813,0.212187542,0.278086149,-0.250348007,0.121430212,-0.510219975,-0.358795064,-0.900991595,0.158487518,-0.677493772,-0.273084021,0.068562593,-0.445420523,-0.101312039,-0.144968249,-0.382666986,-1.797758528,-0.043752358,0.09772291,-0.283604892
47,0.314428377,-0.009114979,0.549206769,-0.141780529,0.45811559,0.029347174,0.240042803,0.681781798,0.416251682,0.103885749,-0.084610525,-0.535579118,-0.534349029,-0.498365472,-0.59044682,0.286280953,0.463955917,-0.215995069,0.096132883,-0.272817152,-0.379478493,-0.304667413,-0.35168164,-0.099068813,-1.042385016,-0.291963785
48,-0.474103822,-1.353384914,2.465385586,0.199845379,-1.901494824,0.598395232,1.117761095,1.391360629,-0.433737738,-0.649267419,-0.58480591,-0.8756225,-0.126274946,-1.036792692,-2.109575089,-1.476136827,-1.396026218,1.201083829,-0.432777804,-0.553094543,-1.035748987,-0.148623625,-1.227231913,-1.719671357,0.625410867,0.051060687
49,0.040682725,-0.136761635,-0.373375181,-1.057404466,-0.251595325,-0.317586167,-0.380869525,-0.315502377,1.087954486,-0.771369973,-0.680598053,-1.180192963,-0.85545107,-0.441924137,-0.063252361,-0.474272096,-0.831343697,1.716700652,-0.260194176,-1.231659962,-0.955771401,-1.226912476,-0.849672429,-0.509187187,-0.924722832,-0.067586386
50,2.755058644,1.2978496,2.763815581,0.938230609,0.505069089,1.076707551,0.992518148,1.160893884,-0.154912973,7.170742243,1.086547787,-2.811932709,-0.700489802,2.295455739,1.911721681,0.095240856,2.069460284,-1.368239534,-0.630531796,1.207958367,1.653639407,3.377182829,0.767853927,1.073466691,1.600496928,0.992177674
51,-1.499240463,0.186947856,-0.611051024,-1.497704236,-1.896564575,-2.251170965,-1.961696403,-1.761483553,1.949026003,-0.886252941,-0.92973272,-0.382454684,-0.659147136,-0.77098612,-0.544952669,-1.852415771,0.253427802,0.685107023,-0.169096973,0.848470208,-0.558253792,1.243503539,-0.59395692,1.946741116,-1.301124669,1.944196172
52,-0.132790022,-0.800430566,-1.267051725,0.292501277,1.478701326,0.171389454,0.505154904,1.531022735,-0.447156431,-0.358740181,-0.030952027,0.129163873,-0.091836467,0.416786515,1.112129192,1.605587972,-0.241561428,-1.528992629,-0.834026116,0.492394933,0.129012275,1.411562582,1.272823544,0.398085226,0.200878267,-0.482733876
53,-0.887669952,-1.125790978,-0.052104639,-1.356427993,0.627836193,1.394363927,-1.282302108,-0.568078526,0.350220106,0.4936559,0.174154501,-0.226603955,1.215649955,1.1675745,-0.469100797,0.687108196,0.774016167,-1.065358762,0.569608288,0.216493746,1.101148223,0.855897229,-0.477306835,0.531071584,0.639149978,-0.42579514
54,-0.736685827,-0.619513402,-0.80719403,-0.755157719,-0.665985809,-0.396339645,1.35587616,-0.415412842,0.235346705,0.062429693,0.681780165,0.235451966,0.596235981,0.102986509,1.274393937,0.615917254,0.221312695,-0.752755283,-0.63864197,-0.587671352,0.928942984,-0.034013442,1.866394506,1.791702895,-0.031656014,0.467687882
55,-0.70248897,-1.962829131,-1.404820976,-0.726361072,-1.531452641,-2.149425806,-1.707313189,-0.285269468,0.772905044,0.078317986,-0.486969837,-0.26773211,-0.31302657,-1.538574201,-0.759529375,0.083259307,-1.029997441,0.28356271,0.630735073,-0.512140346,-0.729655042,0.013853907,-1.239571821,-0.87467663,-0.458168254,-1.729496595
56,-1.10260012,-0.885517786,-1.037090913,-1.453944632,-1.018788691,-0.770135328,0.287512934,-0.675704713,1.463356748,-0.876517405,-0.974808314,-1.319200469,-1.447194024,-1.167626098,-1.846381659,-0.557908122,-1.83833147,1.220335677,-0.362943268,-0.897630621,-1.940613603,-1.966542629,0.011700912,-1.515341651,-2.187076612,-2.045197719
57,-0.65600117,-1.80595738,-0.562156941,-1.127746073,-0.024364212,-1.654098906,-1.369262222,-1.584625311,0.100330946,-0.703696015,-0.224981641,-0.92750171,-0.692119217,-0.504269108,-0.284928359,-0.03984926,-0.402324479,0.493165154,-1.373003196,-1.032691259,-0.492228796,-0.929601544,-0.594358693,-2.30220946,-1.276385205,-2.255037884
58,-0.975516909,-0.392840923,-0.96007267,-0.499683619,-0.225858208,-0.775746568,0.235620689,-0.004508044,1.069710774,-0.042751932,0.251702182,-0.606894888,-0.256899957,-0.931490534,-0.340270288,0.033022687,-0.91140093,0.31733571,-0.426109678,-0.42200122,-0.662313159,-0.523655959,-0.214451832,-1.02412621,-1.434882526,-1.917942357
59,0.21321272,1.320566382,-1.730537287,-1.019802269,-0.458900495,-0.808973078,-0.717082161,-1.307458932,0.686690158,0.327691554,-0.367242445,-0.796049403,-0.097110508,-1.090266037,0.028832193,-0.023431984,0.352033264,1.082377007,-0.629712415,0.118220531,-0.639345002,-0.468966323,-1.240443435,-3.204186902,-0.294267189,-0.676073787
60,-0.894734103,2.781622741,0.388963773,1.24441674,0.469586465,-0.012323076,3.163601343,1.65337542,-2.158660425,-0.986798014,-0.303976335,-1.413025756,-0.105733778,-2.148836845,-1.203345331,-0.407761621,-0.783551104,1.704815622,-1.266474223,-0.912388278,-0.499591128,-1.718149241,-2.242758291,-2.057845545,-1.857504705,-1.805863014
61,-0.501184513,-0.922475138,1.037826643,-0.498981797,-1.875564413,-0.648514421,-0.632234171,-1.467790719,1.239732482,-0.331714485,-0.108563991,-0.102112243,-1.543509325,0.13743972,-1.299010878,0.22109629,-0.717999532,1.108190738,-0.357549902,0.318389051,-0.708029882,-0.561958688,-0.25581525,-1.170750637,-0.120214408,-0.947671957
62,-0.141729247,-0.561216201,-0.006272895,-0.337089066,-0.51224432,0.548496201,0.032144275,0.834888397,-0.325740659,-0.60103331,-0.800456577,-0.504363101,-0.740847884,-1.20345269,-0.992254705,-0.537436584,-1.44669459,0.635587333,-0.748298789,-0.690341892,-0.853102737,-0.933398642,-1.219743328,-1.425318012,-1.970683017,-0.626271302
63,-1.537840808,0.161084698,-1.134780302,-0.565770848,-1.058183408,-1.632738008,-0.091138329,-0.930623107,0.915680985,-0.236089448,-1.310401615,0.140334574,0.042264698,-0.346852602,-0.826363545,0.097178487,-0.906740014,0.449899338,0.460557306,0.963417618,0.579113837,0.449122258,-0.620393163,-0.363029643,1.513332662,-0.68138879
64,-0.6130481,-1.190993669,-0.80302817,-0.24168402,1.094668334,3.126642965,-0.825284418,0.322198419,0.562577468,-0.079015237,-0.179183167,0.715642525,-0.129773378,-0.522341922,1.663771313,0.885660166,0.892499661,-0.793124032,-0.349483698,0.306069849,0.491086753,0.073267198,0.138474336,-0.680093494,-0.084037991,0.907871481
65,0.218729082,-0.532872062,0.636528388,0.470988052,-0.333532305,0.238933201,1.177788891,1.075108879,0.66836692,-0.472811425,-0.514784836,-1.112672371,-1.126499944,-1.24765899,-1.050853173,-1.904622289,0.023243356,-0.304960821,-0.689382542,-0.866328087,-1.016644372,-0.967945999,-1.258913692,-1.784325917,0.680750425,-0.383002792
66,0.310695813,0.714012807,0.343107193,0.183807995,0.367386097,0.15097869,-1.626074874,1.634237631,0.244000996,-0.495389945,-0.45341389,-0.410276009,-1.370361346,-1.996251592,-0.553180687,-2.177165674,-0.708696465,1.418644254,-0.775439615,0.039861416,-1.24935681,-0.708859005,-1.527703733,-1.596999489,-0.537618388,-0.506940215
67,-0.324939261,1.112189033,1.125925979,-0.567724244,-0.045511554,0.602127309,-0.476935999,0.539197886,-1.098750814,-0.939533506,-1.017633599,-0.523878512,-1.790382967,-1.309840281,-1.569289448,-1.700399223,-0.098602238,1.484819818,-1.112319347,-0.746752305,-1.444092996,-1.893575742,-1.381234792,-0.568302476,0.522124217,-1.362720006
68,0.113906569,2.045047105,2.612551088,1.200408287,-0.609780855,0.442143965,0.58890074,-0.041569631,0.025165054,-1.006785718,-1.165829993,-0.462522188,-0.494966965,-2.216047616,-1.984428144,-2.496059692,-2.105869632,1.434210608,-0.722003814,-1.087394166,-0.766900059,-0.6835494,-2.205195377,-0.734706504,-2.118115186,-2.33108179
69,-0.905243807,-0.300612482,-0.376661916,-0.681386037,-0.449529509,0.253674085,0.309234731,0.443557235,0.273961166,-0.562266441,-0.493717539,-0.928585451,-0.821391239,-0.022240471,-0.69331229,-1.403586535,0.155802626,1.308485104,-1.024008709,-0.743063057,-0.64681363,-0.371106707,-0.098424704,-1.826383238,1.540620672,-0.249741337
70,-0.766449771,-0.734972206,-0.473294551,-1.236369191,-0.591602843,-2.083471589,-1.682671973,-0.786587572,1.486559053,-0.551277671,-0.510597008,-0.576200063,-1.20280377,-1.016120529,-0.540225742,-1.069603848,-1.191882172,0.410672998,-0.433402421,-1.231040422,-0.59539008,0.388455393,1.116879255,-0.26923493,0.571198625,-0.210188065
71,3.85971442,2.801330255,0.826392093,0.239061631,1.157151484,0.079654402,0.183703595,0.644647156,-0.775093349,3.209932933,4.015575326,1.059696069,0.368568827,-1.698119402,2.599153735,1.762755386,2.452697822,-1.200081955,2.248333443,3.435820838,5.249633227,2.81200502,0.531459343,-0.724731537,1.223106019,1.130304918
72,0.263261567,-2.406766186,-1.58616206,-0.874937395,-2.203424438,-2.602712274,-3.751858553,-1.830400673,1.833144993,-0.85323657,-0.697608746,0.139526977,0.10911082,-0.578768588,-1.657706863,-1.305833841,-0.612213193,0.459563823,0.481213778,0.70039312,0.21415033,1.57345295,0.172965794,2.744936782,2.236906586,2.81047154
73,-0.592646809,-1.532698319,-0.444064299,-0.953857664,-0.662666972,-1.415755488,-0.074896757,-1.359043817,0.673139963,-0.803132264,-0.672553875,-0.22337187,-0.638993458,-0.052233942,-0.552983166,-0.505621434,-0.818736987,0.294990233,-0.615541574,-0.437051034,-1.60447919,-0.114518916,-0.554841891,-0.121610395,-1.060978479,-0.888236008
74,0.682397721,-1.744587539,0.368000409,-1.750663187,-2.29709321,-1.536084996,-1.804723616,-1.442457264,1.209401995,-0.196096105,-0.502742882,-0.839299333,-0.443948732,-0.193834464,-0.210275155,-0.752534689,-0.939064064,0.062742387,0.11856345,1.787587269,1.103291747,0.726536824,0.846558974,1.503473559,0.479442141,1.600182316
75,-0.519398639,-0.388203157,-0.014111347,-0.555339496,0.02047334,-1.257707431,-0.603348926,-0.10274772,-0.656833731,-0.624553547,-1.070030015,-1.502941367,-1.03486631,-1.598647115,-2.677033833,-1.72069629,-2.59273805,1.333399613,-0.875511749,-1.016631319,-1.952328856,-0.397387429,-1.701246255,-2.08967305,-3.655709737,-2.351562834
76,-1.518039582,-1.226748836,-0.922988153,-1.71046208,-0.995290425,-2.616226626,-1.107004385,-2.378374546,1.638233086,-2.082415204,-0.680984471,-1.554477195,-0.197727477,-0.098101629,-0.43423664,-0.539643748,-0.734157285,0.809679579,1.056903393,-0.183250388,-1.109789873,-1.425326312,-0.50543164,-1.762886225,-0.910238008,-0.693470847
77,-0.0272299,-0.112788227,-1.046707965,-1.027392853,-0.844593254,-0.246402091,-1.466912926,-1.105478875,0.942733199,0.622914744,0.166879302,0.062189414,-0.162380389,-1.01093474,0.482049238,-0.528357587,-0.900723479,0.729315286,-0.477888089,-0.060581435,0.084360439,0.21240124,-0.88313193,0.018028205,-0.639736037,-0.727929186
78,1.516690792,0.786335578,3.240995612,0.996483061,-1.50518641,0.798280813,2.014110832,1.289153064,-0.416873179,0.985266578,0.430139986,2.419535463,0.259374453,0.205197891,0.723173165,1.515605336,2.27328041,1.769871701,1.635112662,11.21696738,1.900845668,2.44352927,-0.260846503,1.353610181,0.11731803,1.601553732
79,-0.409102334,-0.409483695,-0.59757824,-0.26789293,0.143072593,0.781766346,0.06182752,-1.818158272,0.274792487,-0.746459761,-0.864809274,-0.767795355,-0.596975466,-0.982531279,-0.122648705,-0.425018399,0.51827234,0.526809739,-2.096967931,-0.557195816,-0.629058989,-0.80632607,-1.57891343,0.657665745,-0.688562351,-0.578966049
80,-0.880372576,-0.629443854,-0.030420585,-0.881593128,-0.221612427,0.210434401,-1.338976551,-0.201202994,0.841194524,-0.22342029,-0.048161501,-0.833252137,-0.540616012,-0.487794788,-0.75826094,-0.323614057,-1.47298034,0.200706293,-1.697997054,-0.259585112,-0.355397407,-0.114202033,-0.48913204,2.076701508,-0.121745685,0.502874027
81,1.45632381,0.146612518,0.344184296,0.167672893,-1.925959097,-1.029878052,-0.073329994,-2.389518723,0.249780729,-0.215392968,-0.936941684,-1.470362577,-0.909369386,-0.793165007,-1.824469624,-0.97790927,-0.582531043,1.330602016,-0.365732949,-0.891741461,-0.838025236,-0.852359178,-0.761451505,-1.033203393,-1.520543569,-0.801062004
82,-0.271949432,-0.765280771,0.133771107,-0.113345093,0.869303554,2.747567137,0.945704104,-0.638606135,0.118756943,0.022321763,-0.792728138,0.456473061,0.021252252,1.233812527,1.59748167,0.667830523,0.313514464,-0.130019198,-0.922909125,0.286638176,-0.385586688,0.581715256,1.689268129,1.716495614,0.719161252,0.877133528
83,0.149242187,-0.87778389,-0.48730711,-0.59019587,-0.01417752,-0.00303915,0.257454527,-0.65201475,-0.157071094,-0.718356125,-0.881200356,-1.165882403,-0.789848418,-0.623827056,-0.612482725,-1.556631456,-1.829826825,1.423950612,-0.633345778,-0.551553141,-1.007188418,-1.610116285,-1.250427449,-1.997835218,-1.92541343,-1.346562806
84,-1.055948037,-0.656935875,-0.838473919,-1.040297376,-0.689480044,-0.839864427,-1.724259326,0.950235115,0.728351631,-0.46283114,-0.769951213,-1.142634536,-0.987738406,-0.421873149,-0.864168271,-2.760948868,-1.957308926,1.121039022,-1.159039821,-1.170750206,-1.253803592,-2.422976251,-2.306665813,-1.977655413,-2.361494035,-1.990969171
85,-0.114103469,-1.069184456,1.539709033,-0.226502741,-0.94933731,-1.350863871,-1.220849135,-0.926703999,1.076484653,-0.358500231,-1.123356708,-1.564820363,0.046281484,-0.700906411,-0.942929444,-0.025206741,-1.618196315,1.730863895,-0.53664499,-0.622330682,0.889268199,-0.493945991,-0.012777398,-1.179274798,-1.663256451,-1.683643737
86,-0.260942332,-0.898647327,-0.712908093,-0.825967069,-0.532114265,-2.14644753,-1.548419466,-0.230970172,2.425365338,-0.543094182,0.366572055,-0.397613808,-0.791772516,-0.757522304,-2.298532452,-0.768529945,-0.746594449,0.232584894,0.035212131,-0.289858898,-0.774006719,-1.415035615,-1.279222769,-1.930896894,-2.310648691,-3.26327451
87,0.292861943,0.365734789,0.963957563,0.167277444,0.155950091,-0.106278724,0.895837497,0.661276707,-0.484519392,-0.407302614,-0.073567957,-0.200271761,0.100435767,-0.128368355,0.357169781,0.228025563,-0.602514898,0.246779763,-0.408369175,0.161027157,-0.113341533,-0.003586894,-0.431422257,-0.570136036,0.194943029,0.468807865
88,0.946433711,0.270862974,0.917061106,-0.228303828,-1.288456571,-1.95754963,-0.304472362,-0.3821476,2.143712118,-0.366060701,-0.040848709,-0.884496725,0.276121341,-0.779439694,-0.216252657,0.141062347,-0.883995958,0.781824752,0.116972291,-0.934302816,0.173077909,-0.04170728,-0.989857953,-0.514460239,0.958333067,2.302851269
89,-0.532524255,-0.766318559,-0.73305027,-0.876807105,-0.777063118,-0.05503551,-0.916938943,-1.610341874,1.886275043,-0.538339363,-0.783012276,-0.561740341,-0.346269889,-0.390063373,-0.802251289,-1.072338141,-0.803637762,0.468976649,-0.420067007,-0.348216698,-0.842050649,-0.671053468,-1.527582932,-0.926387947,-0.963823003,-1.012129315
90,1.275116096,-0.196844145,-0.809557262,-0.038432164,-1.242063558,-2.418203814,-0.470006695,-1.213622431,0.492591344,0.08131673,0.121930478,-0.56605802,-0.280334235,0.3165676,-0.594136063,-0.317118998,-1.254173556,0.625619063,0.345960602,-0.162273396,0.465031413,-0.659479901,-1.668283564,0.861193092,-1.634251507,0.506672496
91,-0.067801068,0.297420886,-1.82726192,-1.200282848,-1.302979481,-1.909250725,-1.621373001,1.471619784,0.71849365,-0.450264928,-0.83981919,-1.37855403,-0.945988131,-1.586062978,-0.68925881,-2.025630313,-1.747059634,0.898078082,0.177416759,-0.703012907,-0.801343993,-1.28933857,-1.093161448,-2.533577455,-3.478356583,-2.210182481
92,-0.256433409,1.915851948,1.551354673,-0.642777698,0.526587754,0.652942089,-0.735129883,1.357693938,-0.839399115,-0.15524929,0.092378742,-1.318123356,-0.969975982,-0.676795553,-0.845707733,-0.50222433,-0.294558996,1.289327149,-0.429901037,-0.197219988,-0.170093608,-1.007196584,0.666712842,-0.509543763,0.185024482,-0.467873881
93,4.432773333,2.319615843,2.282466523,2.078265361,3.126413147,1.73767811,2.102603972,1.397527979,-3.91556548,5.678047034,2.378239746,2.047576795,3.056035063,0.676917554,2.897244964,0.039922956,2.573259255,-4.520074929,4.665696494,3.634163267,3.513808447,2.985104285,0.407079878,1.051424482,2.062864605,1.294898106
94,-0.565276718,-0.484137542,-0.342758329,-0.495324346,-0.807708185,0.05715207,-0.491396533,-0.262807304,-0.608970037,-0.798676137,-1.029540563,-1.334160927,-1.543408603,-1.101155239,-1.067591297,-1.338137628,-1.000017349,1.6747366,-0.57422621,-1.20876681,-1.490234773,-1.45971082,-0.565090366,-3.628230065,-3.570669936,-1.19193833
95,-0.789651521,-0.401645092,-0.767249317,-0.923474281,-0.968263354,-1.253304721,0.222426045,-0.250891185,0.647382074,-0.630591024,-0.943528693,-0.696691463,-1.209690787,0.272763446,-1.213354746,0.023236245,-1.119046708,-0.354405087,-0.023709232,-0.118275528,0.069021392,0.498241576,-0.324992513,1.806400799,1.647338068,-0.017973387
96,-0.836668197,-0.523970183,-0.596968497,-0.880066668,-0.789437598,0.858880175,0.772716168,-0.555052795,-0.288399209,-0.538997368,-0.847301005,-0.843219977,-1.408869634,-1.889059104,-1.505531856,-1.440878641,-1.420355719,1.343779161,-0.909812381,-0.650676565,-0.967775713,-0.591014994,-0.233577237,-1.589112043,-1.842145348,-1.925364903
97,-0.808389178,-0.22354323,-0.65454585,-0.877906293,-0.327840749,-0.308013865,0.115305871,-0.254816947,0.287970823,-0.627846822,-0.859521001,-0.951485345,-1.337601431,-1.094829594,-1.408672825,-0.091562333,-0.381562699,1.639305831,-0.822807641,-0.57173803,-0.974770365,-0.846961295,-1.965764644,-0.843773237,-0.315020985,-2.431693138
98,-0.561924374,-1.432997122,-0.893796643,-1.220085345,-0.663708665,-1.719535547,-0.036341315,-1.217437118,1.6072452,-0.745059812,-0.195029183,-0.642317611,-0.61829242,-1.314206041,-0.772456373,-1.050452162,-0.567363563,1.11669963,-1.325810637,-0.628470419,-0.25551717,-0.321500258,0.107007085,-0.899434881,-1.041169331,-1.511124215
99,0.06793152,-0.875209508,-1.206993285,-0.340119213,0.317672407,-0.931834862,1.508405045,-0.603723178,0.031998985,0.148044816,-0.098935701,0.997151342,0.556232374,0.766939016,1.527708505,1.099383701,0.963009211,-1.194618697,0.08892115,0.236884833,0.870359487,-0.366307741,-0.358238226,-1.569873144,-0.619369805,-0.332799677
100,0.304057054,-0.159834925,-0.641548652,0.027577891,-0.638493932,-0.755656401,-0.788633802,0.250701441,0.412642974,-0.154361789,-0.226494529,-0.904661499,-0.034695274,0.382511543,0.343190859,-0.186098362,0.850908349,0.263720189,-0.481789173,-0.677541137,0.249918566,-0.251900335,-0.737743049,-0.173947347,0.079067854,-0.203921037
101,0.3594552,0.862360693,0.932690494,-0.023990826,-1.904750593,-1.852331057,0.298041248,-1.475241403,0.531407024,-0.476936695,-1.056828152,-0.793043369,-0.594238193,-0.725630528,-1.236537487,-1.57828416,-0.970280041,0.85737678,-0.565587379,-0.728155262,-1.104347253,-1.505702028,-2.756509268,-1.438153689,-1.097606209,-1.944562373
102,-0.339599094,-0.467954247,-0.60401143,-0.676714427,-0.181635831,-1.542262437,-0.357496056,-0.790383985,0.321838891,-0.501577521,-0.897488253,-0.918295637,-1.07001937,-1.500525018,-0.58742416,-2.112662682,-0.679860553,1.315414381,-0.851395392,-0.810567807,-1.720637465,-1.180460499,-1.712475882,-0.358585384,-1.658684182,-1.249088106
103,-0.926284886,-0.662686871,-0.370048715,-1.183911171,-1.921240608,0.483291489,-0.779364586,-1.084936878,0.235793398,0.827080352,-0.140731063,-0.619963375,-0.182271032,-0.097273694,-0.352599597,0.287682423,-0.209273765,0.794956948,0.934007744,-0.494678796,-1.269252707,-0.654193232,1.018709442,-1.966657322,0.489324722,-0.936203292
104,-0.345341249,0.222393644,-0.806036577,1.514923963,0.912806853,-0.606041901,0.580280366,0.263603002,0.401882646,-0.380460361,0.665922322,-1.016444288,0.747632251,0.106127079,0.719141016,0.154231438,-0.47667166,-0.386488973,0.129798442,0.072493401,0.099700992,0.221115557,0.443843161,-0.659556224,-0.775413552,0.219876043
105,-0.602590196,-0.461787262,-0.833899019,-1.049728495,-0.829699296,0.933022972,-0.543859354,0.370858451,1.647041028,-0.892550578,-0.578368366,-1.469845869,-0.990099302,-1.477255698,-1.993241488,-1.098333565,-1.324290814,1.030169913,-0.847198926,-0.631833082,-1.254319883,-1.648221459,-0.332236708,-0.187358208,-0.792591575,-1.54824386
106,1.65002001,-0.548003174,0.248018132,0.19058034,-1.67347718,-0.183332845,0.014811963,0.759768186,0.388882314,-0.242609879,-0.874503179,-0.779331895,-1.236371052,-1.094660811,-1.481654876,-0.850246695,-2.3204332,-0.801127884,-0.739777615,-1.117020978,-0.842198994,-0.611747754,0.095283716,-2.817591249,-2.591131239,-1.882204221
107,-0.720974836,-0.842083052,-1.371865228,-0.255085968,-1.031325585,-0.356123599,-0.443790642,-0.300253843,0.999999069,-0.245431656,-0.517324282,-1.074968279,-1.32677405,-1.071533268,0.007230054,-2.079344131,0.203218286,0.513076884,-0.061133099,-0.251510336,-0.939494969,-0.044818399,-0.476466224,-0.833121526,-1.285570296,-0.112123312
108,0.40955952,-0.875259794,0.086600988,0.436797222,0.489223598,0.713068213,1.134748888,0.276282345,-0.376292105,-0.448387431,-0.037558,-0.546823804,0.019955595,-0.641816043,-1.217778784,-0.704867432,1.037866422,0.769654985,-0.195317226,-0.379990997,-0.608274813,-0.615726391,-0.797373979,-1.29460132,-0.50289549,0.164914666
109,-0.765918205,-0.868601176,-1.995985427,-1.165680684,-0.516293896,-0.751639878,-1.47534543,-0.282773846,0.362866885,-0.507206453,-0.475884752,-0.345001539,-0.210312771,-0.169008346,0.521169838,0.576418791,-0.392417896,-0.150267026,-0.362529333,0.630941449,-0.468799661,0.475974482,0.847059641,3.094120497,1.532794151,2.021924437
110,-0.567134842,-0.569124261,-1.058402835,-1.228017739,-1.355448086,-0.685763846,-0.200980529,-0.250771338,1.365114008,-0.641939465,-0.812874238,-0.943359169,-0.92126551,-1.025348106,-1.383102456,-0.935313535,-0.524385641,1.240358162,-0.430170026,-0.839743333,0.324915032,-1.081021706,0.018677584,0.421128243,-1.071790912,-0.013046671
111,-0.577841636,-0.689223434,-1.787047208,-0.92084397,-0.623633826,-0.646316541,-1.453114955,-0.815015579,0.599965677,-0.700415484,-0.937970376,-0.809698035,-1.416590249,-1.505185947,-0.152326634,-1.495682369,-0.348782675,1.778777357,-0.995242613,-1.003904079,-0.929543326,-2.164459711,-1.961635913,-2.194675439,-2.192558907,-2.746769232
112,-1.627983263,0.363815545,0.456784383,-1.31448169,-1.436995762,-1.042111598,-1.483395733,-0.908608776,1.975166012,-0.449029161,-0.325125037,-0.808478494,0.254449653,-0.261500957,-0.605225145,-0.409404771,-1.845631893,0.20842543,-0.011196233,-0.223971619,0.960811185,0.208118142,2.081367418,-0.437184327,1.671391362,-1.23641539
113,0.014243272,0.102005915,0.789875573,-1.13602158,-0.301790979,0.818077747,-0.157054136,-0.029156529,-0.035548401,-0.960692079,-0.336641772,-0.752052359,-1.401241781,-0.988608663,-1.672962107,-0.836971348,-0.884623147,0.731496958,-0.411966688,-0.889086946,-0.709154265,-2.012575678,-2.401510115,-2.666550159,-2.182942903,-0.983686097
114,-0.452614151,0.372809089,0.973667134,0.537135521,-0.07026133,0.283889532,0.501811729,0.646743013,-0.84747925,-0.595837866,-0.257694884,0.212425981,-0.137615543,0.032340424,-0.182302099,0.118093485,-0.025339486,0.600364993,-0.162399587,-0.265252281,-0.125101293,-0.053806415,-0.358332531,-0.485404398,-0.373258976,-0.444848081
115,1.296088419,0.610733287,1.397012007,-0.456818492,1.225234265,-1.368500188,0.944549913,0.174201602,-0.02741011,-0.138820673,-1.302369288,0.001047933,-0.28543244,-0.540764916,-0.246156711,-0.671996848,0.101803329,0.131308797,-0.900014788,-0.762333664,-0.568499618,-0.77405913,-1.320662957,-0.657839186,-2.026481631,-1.546291692
116,0.504366983,0.598534793,0.766012632,0.260623846,0.438259247,0.855802959,0.713124076,0.964444336,-0.809384412,0.341419711,0.183893808,0.092409256,0.60503743,-0.007131645,0.687005985,1.269632335,0.036950101,-0.66571685,0.141119574,-0.071322118,-0.134560335,0.016706239,0.668782615,-0.1725379,-0.264966809,0.373192811
117,-0.980564111,-0.532276791,-0.935010009,-0.213876282,-0.094150937,0.267178581,-1.509836225,-0.068086042,-0.634541261,-0.402114788,0.271931255,0.762333857,0.637536046,0.435494323,-0.235468274,0.219897805,1.766598379,0.208561421,-0.122764045,0.292627901,-0.07094509,-0.124421117,1.631538988,-2.122864912,0.721244801,-0.023121946
118,-1.350832091,-1.450739856,-0.794094313,-1.044191725,-1.130693425,-1.42976395,-0.442866474,-0.763071102,1.924141371,-0.843932006,-0.398565205,-0.998691069,-0.045300031,-0.189385789,0.305694748,-1.388810019,-1.022219531,1.215644718,-1.284427732,-1.145839223,-0.279677807,-0.888666584,-0.822084561,-1.106804084,-0.769615099,-0.727359499
119,0.618675249,-0.284468822,-0.761844164,0.05591678,-0.650176182,0.803139008,2.503567455,2.082861067,-0.872770481,-0.860108796,-0.498864057,-0.642406425,-1.354619526,-1.536505985,-2.066200175,-0.941357009,-1.212336562,1.407742064,-0.854143397,-1.342878464,-0.358194975,-1.467100458,-1.911839184,-1.829394415,-0.880476368,-2.303079639
120,-0.640406877,-0.364552315,-0.658970716,-1.055912118,-0.994095619,-0.656449898,-1.31902631,-1.009108894,1.919896334,-0.100515093,-0.740030968,-0.516580014,-0.193622853,-0.056770542,-0.979385309,-0.262165551,-1.211048284,0.971185607,0.293460024,-0.6968739,-0.877265705,-1.036183302,-1.39277567,-0.815837906,0.646871407,-2.630485172
121,2.795180461,2.670037364,2.131785623,3.377859053,-0.074695963,-0.147490352,1.646415662,0.923309219,-2.996837076,2.303442723,3.842850826,4.175026947,2.204411492,1.443424582,2.270185541,2.599653509,0.761165186,-0.879055028,4.812060541,2.370020809,0.722037643,0.968125197,2.762119436,-0.351709483,-0.644516147,-0.970350095
122,-0.721787937,-0.659677305,-0.458919224,-1.039521701,-0.452780432,-0.074850309,-1.009066055,0.522032545,0.137186371,-0.495919979,-1.118527433,-1.186962329,-1.330243224,-1.880392745,-0.341526541,-0.685409336,-1.265124788,0.672493963,-1.012745105,-0.916622236,-0.38650346,-1.338109051,-1.02317097,-2.084647088,-1.478778004,-0.679152647
123,-0.25887666,-0.670413111,-0.365927447,0.571929636,-1.121929823,-0.668595047,1.554169342,-1.257289944,0.42044925,-0.066222538,1.246634191,-0.094505087,-0.065615682,0.464010072,1.099780791,0.315857309,1.296842248,-0.026177728,0.579496789,0.665528941,-0.369107181,1.26429143,-2.328389716,1.534387177,1.298444963,1.14737919
124,0.142366217,0.470326419,0.818939427,-0.177097463,-0.76248353,1.153557349,-0.47672151,1.875658709,-0.831444856,-0.503673384,-0.343367607,-0.510229486,-1.340669425,-0.604413026,0.019937064,-1.893637843,-2.066431691,1.52723091,-0.831468956,-0.630046208,-0.942608943,-1.788989372,-1.339912581,-1.182670671,-0.931646402,-1.611801971
125,0.371374617,-0.450914361,-1.058830302,0.176564909,1.73124,1.550723547,-0.491585075,-0.151941034,-0.179967291,1.155390155,-0.901873005,1.209010967,0.373361512,0.987761195,-0.005480762,1.016409896,-0.117747834,-0.101398577,0.39948469,0.223381309,0.015434281,0.031488725,0.676692798,-0.149674357,0.983374406,-1.125844399
126,1.573263904,0.243990116,1.928503541,0.838628835,1.128721595,0.415733275,1.053183862,0.006981654,-2.229215557,-0.532742268,-0.772354347,-1.162102634,-1.344803918,-2.133288444,-1.118449287,-2.980179299,-1.806239539,1.491341466,-0.547346611,-1.005404398,-1.012753868,-0.7969654,-1.183576824,-1.036890031,-1.19780166,-1.071368869
127,-1.234958473,-1.634832958,-1.042772931,-0.395865243,-1.125002204,-1.367076808,-1.551220571,-2.082364401,0.905648716,-0.246931691,-0.264744536,-0.65069617,-0.203414758,0.313160595,-2.629976628,-0.240593452,-0.087274913,-0.015561328,-0.181665815,-1.259659249,-0.617609044,-0.622635075,1.296358265,2.534377921,-2.576956821,0.102706139
128,-0.550454633,-0.770700536,-1.373617752,-1.363007848,-1.351440875,-1.03689852,-1.477134016,-0.43851333,2.005195239,-0.555724699,-0.835155125,-1.166668715,-1.225229077,-1.730199554,-0.213856049,-2.065887152,-2.559586713,1.514181583,-0.990021709,-0.742770782,-1.73998166,-1.128634576,-1.067410897,-1.790309248,-2.232579272,-0.54142119
129,0.257824332,-0.193571217,0.105986331,-0.044610633,-0.835445905,-1.256510581,-2.823430555,-1.157657833,1.902331093,-0.806691585,-0.670424944,0.146786899,-0.736378766,-1.087179449,-0.101018788,-1.227157343,-1.466705329,1.117850503,-0.387191942,-0.540263854,-1.182249474,0.279990307,0.042813504,0.884199061,-0.763040346,-0.40671363
130,1.340472634,-0.39010468,-1.388575892,-1.137425093,-1.498920578,-2.30848019,-3.988116828,-0.246226379,0.621048969,-0.507480015,0.100007006,-0.235663546,-0.322254517,-0.153156923,-0.016903716,0.19411365,-0.560778521,-0.293268487,-0.101751631,0.435561572,0.468532377,1.824658554,1.000295886,0.263918354,1.12338531,-0.101711649
131,-0.196701509,-0.064650682,1.009325602,-0.552401255,-1.144746295,-1.142373154,-0.09298825,0.025289796,0.666568251,-0.58903438,-0.548925302,-0.731237726,-0.796100689,-1.697784234,-2.288432801,-0.695134091,-0.72564981,1.659937513,-0.836515307,-0.940653832,-1.505132425,-1.614400303,-2.112819084,-2.031103324,-1.643494988,-2.639416569
132,0.144402893,-0.274127882,1.243547199,-0.826859367,-0.544053579,-0.668356171,-1.11736211,2.408410824,-0.020665978,-0.344813366,-0.512238301,-0.269528334,-0.997160004,-2.169200325,-1.643647016,0.455610855,-1.348552264,0.648726663,-0.643126858,0.042885579,-0.904669914,-0.758248295,-1.201125478,-2.032513756,-1.298447972,-2.469146821
133,0.174889041,0.189411302,-0.567184587,1.231258904,0.676595688,1.459431238,-0.888483234,1.736886136,-0.607706488,-0.124448335,-0.147968875,-0.103302455,1.365852324,0.270033668,0.795504496,0.604219252,1.246696591,-1.012482923,-0.459793578,-0.377399399,-0.810784141,0.758439954,3.443032659,2.707181904,2.193965971,-0.251262358
134,-0.337401056,-0.076032799,-0.72114086,-0.750994349,-1.097073114,-0.13730688,0.050174696,0.155563296,0.476746375,-0.709090988,-0.878163752,-0.847776218,-0.793951005,-1.190465894,-1.930596457,-1.782784898,-1.816398851,1.233775203,-0.709766265,-1.226322671,-1.277984946,-2.346914591,-1.648785325,0.255664012,-2.558197285,-3.342732977
135,2.225021755,1.268410022,0.401399129,1.537001252,2.755565012,3.311784852,1.988274751,-0.539263047,-2.771945449,4.498439906,1.947245145,3.145645439,0.456272023,0.275658696,0.292369239,1.112676237,0.984704367,-0.182598774,3.525663088,3.82357806,-2.71277731,-2.142059509,-1.788567212,0.909463406,0.421532539,1.87680743
136,-0.121397799,-0.547827566,-0.644391143,-1.224609518,-0.770668434,-2.315995053,-0.804455254,-3.668227931,1.483090986,-0.689670109,0.001635917,-0.581258036,-1.078441667,-0.90883453,-0.654357729,-1.130825817,-1.132374664,-0.105841794,-0.546858821,0.297844178,-1.132975384,-0.628992841,-0.778924494,-1.647771548,0.191116153,-0.304721022
137,-0.588141407,-0.763401122,0.620086416,-0.834762494,0.427716255,-1.364371297,1.688489691,2.310926206,-0.724061096,-0.757208985,-1.013125043,-1.717397143,-0.480535261,-0.557037361,-0.424244912,-2.006158612,-2.048975865,0.692472497,-0.377418078,-0.894039835,-1.4452957,-0.615716786,-1.446386917,-1.190541142,-2.659018443,-0.78585377
138,-0.937489781,-0.526084081,-0.372805129,-1.193114525,-0.095233755,0.07908264,0.838779901,-0.374769823,0.437611882,-1.216726163,-1.059700768,-0.332399748,-0.609349573,0.747692569,1.435736762,0.865700287,-0.432551646,0.087685924,-0.378745222,1.028379457,-0.872291925,-0.160041867,-0.194488576,0.129204332,0.401876986,-0.572835641
139,0.073576522,-0.098970503,-0.560871226,-0.39073353,-1.036741536,0.080403379,-0.058603541,1.146334173,0.213957788,-0.435493903,0.059311107,-0.089151337,0.286306876,-0.601412066,-0.083632905,-0.836902338,-0.537095071,0.901276203,0.118827079,-0.441263353,-0.402870545,-0.797725976,-0.961962497,-0.774237575,0.058146962,-0.798288864
140,-0.547212836,-0.599648489,-0.152653112,0.138493681,2.28680672,1.332213328,0.591207611,1.39727072,-0.747160168,0.448257124,-0.039478723,-0.55808338,0.39646634,1.545090504,-0.076282812,0.492664216,0.221617825,-1.175927273,0.648029445,-0.482906084,-0.316795237,0.291163798,0.019990289,-1.188035128,2.40804215,-0.410539682
141,-0.048697232,0.412103053,0.567439623,1.675757982,1.348635768,0.662334861,2.208526642,-0.453050902,0.425422875,-0.542623477,-0.631225252,-1.72562944,-1.514644745,-1.766451765,-1.626559663,-0.590810903,-1.29340095,0.202953554,-0.125643394,-0.8003435,-1.269714929,-2.823674186,-0.83536847,-1.556458189,-1.050512524,-1.347895384
142,-1.009676832,-0.777878828,-1.81982965,-0.397037992,0.235951037,1.408096749,-0.605559245,-0.547806901,0.041992016,-1.089696295,-0.606591917,-0.262489594,-0.001090097,0.752774142,0.215835615,0.811233275,0.090444204,-0.411023535,-0.270829269,-0.521732579,-0.115969256,-0.697792816,1.014734911,-0.845029986,-0.678608519,-1.132876484
143,-0.268220439,-0.672394957,0.514939493,-0.559737557,-1.182347994,-0.749797989,-1.088396362,-0.463605846,0.667585611,-0.380183527,-0.951187973,-0.471427213,-0.631764193,-0.676919703,0.574860287,-0.10234685,-1.034763413,0.573964608,-0.866971723,-0.364903359,-0.682578656,-0.023215885,-0.798194533,-2.236748261,1.004821747,0.653721531
144,-0.962725978,-0.726082571,-0.669080132,-1.100963449,-1.258952033,-1.002361995,-1.285212516,-1.20645281,0.974666434,-0.446213628,-0.539462115,-0.406601975,-0.829225987,-0.705472681,-0.331624719,0.835795977,0.713904464,-0.658502187,-0.249031495,0.077414181,0.106830289,-0.03950827,0.080033887,0.874299058,0.475210506,-1.261696827
145,-0.13179113,0.210906973,-2.890909178,-0.391577147,-0.562966256,-2.396610074,-1.502858573,-2.362067859,0.371295806,-0.880408178,-0.283856087,-1.077172824,-0.301488249,-0.569376827,-1.698842457,-0.084071775,-1.123018249,1.188896746,0.020398579,-0.671561421,-0.229694065,0.625996511,-0.859295508,0.626207909,1.335168385,-0.987662188
146,-0.627509034,-0.785055081,-0.381615002,-1.039296627,-0.680831112,-0.826972625,-0.563220837,0.14518503,0.737779718,-0.897534754,-0.792305426,-0.531073966,-1.230291573,-0.720993388,-0.693568738,-0.938399576,-0.114475946,0.569761386,-0.406448479,-0.887178626,-0.585010098,-1.071608645,-0.530711985,-0.460557944,0.843164763,-2.513863904
147,0.74310472,0.541700188,1.595177712,0.760236275,1.457581892,1.41317835,-0.071259228,1.147279168,0.835777125,1.80146885,2.036495494,4.152236154,3.70363988,1.65584712,2.054104978,1.415737375,2.845736566,-3.743992758,4.119051523,5.528944905,5.064264196,5.982416309,2.979383225,1.104506091,0.716575292,2.218062963
148,0.779749433,-0.403215741,-0.36779466,-0.547901994,-0.468784761,-0.910566425,-2.897181382,-0.020825793,1.978186481,-0.181009229,0.915667055,-0.125654443,0.307788036,-0.192929936,0.757250968,0.392951049,0.682530443,-1.532194886,-0.158626266,0.364368389,-0.414486413,1.429753524,-0.340795848,-1.191201515,0.239330097,-0.342522858
149,-1.110146199,-0.971213206,-1.118814247,0.852397061,-0.921015514,2.353621686,3.322841352,-0.234333655,-0.583101482,0.728151884,-0.475842072,-0.322762805,0.688071634,1.124156995,-0.337121209,-0.106662166,0.553142343,-0.308294339,0.396677676,0.026758953,-0.434202145,0.142204141,-1.692789141,-0.181222273,1.714824566,-0.082598585
150,-1.036462348,-1.197470153,-0.255940978,-0.358983294,-0.683226002,0.370906018,-0.495441993,-0.20259949,0.052645984,0.412233381,-0.085126283,-0.452683979,0.042859886,-0.21316485,0.473565818,-0.738435132,-0.045618723,0.508307501,-0.455632612,0.367087516,-0.117773726,-0.51079788,-0.435324069,-0.144706523,0.010613586,-0.093325543
151,-0.678335722,-0.213567577,0.246467309,-0.41391511,-0.482557964,-0.509817385,-0.192854723,0.465525484,1.583033453,-0.898724808,-0.728984291,-0.323747613,0.222516577,-0.137994117,-0.330085946,0.020808262,0.28313129,0.740955097,-1.318158516,-0.814309864,-0.320541366,-0.717527611,-0.523115314,-0.51858638,-0.985937286,-1.489110752
152,-0.423816365,-0.613176164,-0.542320696,-0.848442581,-0.912618852,-0.507987536,-0.194423619,-0.795107826,0.589579973,-0.433328272,-0.598836668,-0.488856752,-0.893028748,-0.72482655,-1.21843735,-0.462648255,-0.658738834,1.437690834,-0.82319211,-0.284327833,-0.239925919,-1.828403633,0.820281783,-0.249718966,0.011823741,-1.114363818
153,2.94944437,3.022767919,3.800593282,2.266867468,1.660216477,2.669229939,2.672921337,3.599174006,-3.303887376,1.782213613,-0.346061273,3.462640984,0.708939332,3.664952331,3.434191114,1.13933286,2.134975222,-2.28513369,2.070201871,1.855054412,5.105557778,3.295585441,2.149289211,2.379180873,1.85185286,1.835812995
154,0.854530909,-0.540332552,2.656788112,1.17910398,-0.10891078,1.063234671,1.043360914,0.762746665,-0.805300456,2.293421413,-2.893261258,0.325845531,-0.636337122,0.91136245,0.174568309,0.450249173,1.803106297,-1.869361942,3.360989963,-0.857273185,2.344588843,1.528332935,2.209647083,1.99221647,1.756265123,2.395113594
155,-0.565846559,-0.144834399,-0.785012953,-1.098241761,-0.865076024,-1.248362437,0.367132568,-1.034908459,0.565279895,-0.836246341,-0.562182824,-1.121696152,-0.619552299,-0.871982353,-0.107677123,0.152246137,-0.570616554,1.210407059,-0.620410144,-0.493168425,0.37339241,-0.498008152,0.409058866,0.052653221,2.057591546,0.077299002
156,-0.319843012,-0.598066289,-0.874822043,-0.662018415,-0.924999664,-0.052196557,-1.200369613,-1.141622076,0.952581848,-0.224858075,0.057593986,-0.500400077,-0.759822235,-0.543197348,-1.696114948,-1.280079806,-0.799461072,1.713914184,-0.750304422,-0.077176514,-0.316572167,-1.135876748,-1.46218385,-1.602224633,-1.466269577,-1.033761298
157,2.230764128,1.697196275,1.955253259,1.389119124,1.358008405,2.297114811,2.765127213,2.541399261,-0.930431273,1.014356155,1.684416164,4.993954572,3.324647024,-0.231269677,1.258341736,3.436541914,2.270172725,-2.668946495,-1.440243269,5.01226817,1.458576236,0.183526198,3.209490995,-0.211457768,0.234325947,1.667389081
158,1.563758907,2.135571257,2.312488655,2.317071596,1.739542868,2.357140383,2.045498746,0.507463549,-2.344540518,2.373250337,3.611470512,-0.471183311,4.21109034,1.259516659,1.695619601,0.93866306,0.869366941,0.051256496,4.673271277,-1.623957558,-1.155084409,3.673404601,-0.559431575,-0.842986415,1.820657563,0.851789302
159,0.336406929,-0.861261555,0.037845817,-1.785470944,-1.184751836,-0.988368978,-0.083954696,-2.401079935,1.404841944,-0.720256827,-1.280137484,-0.838382053,-0.975746741,-1.525615475,-2.114247028,-1.63013306,-2.666226225,1.170502033,-0.653150954,-0.48694345,-1.009960877,-1.97663924,-2.391752459,-3.39448028,-1.908858797,-3.111096896
160,-0.602190152,-1.219390093,-0.869837458,-1.092064058,-1.437716074,-0.120370901,-1.001002978,-0.576796209,0.790430748,-0.656118554,-0.812668995,-1.174199005,-0.521188341,-0.795016091,-0.339270886,-1.018370571,-0.655791282,1.635706178,-0.270425555,-0.290301462,-0.615849697,-0.552660653,0.045771349,-1.607703964,1.04642503,-1.276334425
161,0.17867594,1.468826257,-0.691723295,-0.770242635,-0.243880054,0.31057521,-1.849214326,0.626879767,-0.006963581,-0.425674996,-0.922184362,-0.667867018,-1.334393502,-1.695776316,-1.799519673,-1.884920903,-1.59998974,0.736999097,0.058067526,-0.878942357,-1.654935893,-2.512285906,-1.010697237,-3.677409753,-1.196079355,-2.462955445
162,0.652808066,1.305490232,1.166163078,2.30531759,0.555314849,2.687207764,-0.674203519,1.514920797,-2.801227718,4.873144708,1.25720643,0.418502101,1.053264842,0.024107766,-0.857289682,0.330400172,2.756107603,-2.26667892,-0.813484303,-2.269149595,-0.479709652,-1.000762064,0.860710032,-0.366079627,1.202966527,1.400998754
163,2.010785464,4.46497858,2.111888149,3.16611513,1.800202407,1.656801289,1.798004292,1.177261937,-1.692829997,6.055797144,3.46393823,1.671079918,-0.052080573,1.537736974,1.93962033,1.13513456,2.889568733,-1.665272994,2.708964076,3.393553311,1.700268238,0.878561187,1.252225479,0.827709402,2.494778946,1.298129541
164,-0.634284091,0.147665433,-0.336194868,-0.17466958,-0.582210628,0.970165618,0.254941587,-0.300575372,-0.722849382,0.29043522,-0.45002388,0.165426437,0.091456984,0.745639471,0.406457155,1.281373725,0.254110397,0.764650014,-0.350490594,0.312512316,0.351396275,-0.331493885,-1.048311506,0.214288385,0.113360098,-0.627665829
165,-0.237795785,-0.296810014,-1.284052168,-0.844502725,-1.074142397,-1.226198194,-0.851678725,-1.276527433,1.783143486,-0.568732043,-0.277317,-0.236875064,-0.608565104,-1.100765127,0.78166273,-0.436371164,-0.513173093,0.277488578,0.354578768,-0.345270873,0.287686081,-0.76806261,2.100434801,0.254628626,1.279272195,0.653526416
166,2.95178274,3.219187267,2.461448536,1.418313058,2.84805622,2.098119791,0.659903914,1.475365914,-0.818232583,1.360231707,5.518494148,0.277665438,1.466242171,-0.763379143,2.027952266,1.645859175,1.542676709,-2.146202175,-4.385890689,5.302757927,3.363266327,2.444233735,1.409838303,0.391221624,1.875313869,1.62109231
167,-0.995950705,-0.229226843,-0.616875282,-0.629282333,-0.200068808,0.035798429,-0.230477774,0.24803149,-0.047229131,-0.845641935,-0.888689337,-1.170828298,-0.71139509,-0.894300684,-1.539859578,-1.125461018,-0.880236777,1.74407201,-0.805372542,-1.291195889,-1.446498881,-1.470039225,-0.599037981,1.11514158,-1.191384934,-2.442065035
168,-0.409420421,1.569614929,0.507955748,-1.388111418,-0.288109885,-1.2574102,-1.808607894,2.10342779,1.028422938,-0.042661593,-0.005143471,-0.721783246,-0.876350828,-0.273443844,0.833891733,0.171184274,-1.084618328,1.197034534,0.082449126,-0.108982886,-0.972446661,-0.767871183,-0.15112592,-1.225347138,-1.305839658,-2.252669444
169,-0.644569221,-0.636736616,-0.676504772,-0.864437,-1.023515286,-0.626206056,-0.334907322,-1.03583456,0.963500235,-0.753120606,-0.880436122,-0.481194106,-0.860932209,-1.082645029,-1.093844508,-0.51013963,0.249764218,-0.117565424,-0.947418192,-0.964690477,-0.302482671,-0.130980025,0.57698947,1.316413245,1.313263137,-0.483478842
170,-1.029685458,-1.709017389,0.040407734,-1.779756334,-1.876329901,-1.127180855,-1.625188868,1.179647583,1.029022487,-0.332965174,-0.902797881,0.255366753,-0.403562293,-1.487927355,-0.979771457,-0.180482283,-1.385842955,-0.388576846,-0.081873126,0.770515124,0.66666668,-1.224472385,1.343005278,-1.083011098,-1.530367723,-0.453555966
171,-0.289373182,-0.855659911,-0.548116165,-1.053102084,0.123560372,0.47168685,0.058173307,-0.795649233,-0.752567867,-0.094851776,-0.261026803,0.37817758,-0.192853442,1.124950518,1.118295353,1.07488259,0.504061315,0.053457049,0.606887068,0.380154977,-0.025535076,1.112380402,1.469909489,-0.846200328,-0.414460292,1.521199026
172,0.109001349,-1.001279191,-0.917502662,-2.349196195,-1.081839762,-0.715552324,-2.453336459,-1.530886279,0.414075349,-0.781664295,-0.6380174,-0.749417423,-0.185796449,-1.210044494,-1.00118582,-0.299761672,-1.013508971,0.387464384,-0.962027857,-1.081662869,-1.372612739,-2.218213014,-1.457798722,0.512016974,-2.517774996,-2.112851063
173,-0.803682771,-0.457490425,-0.544506767,-0.668440269,-0.602012285,-1.341271776,-0.975736778,-0.484833239,0.335235322,2.997050587,1.403665677,0.839449806,-0.213995927,-0.684261751,0.600372714,-1.267967449,-0.049354727,0.115281395,1.397949585,1.323715022,0.721268574,-0.401340895,-1.356912899,-0.271116582,-0.310389928,0.393424021
174,-0.238551697,-0.906069552,-0.572525231,-1.130316288,-0.104320846,0.544155399,-1.078988992,-0.254493827,0.802130743,-1.034599581,0.014377402,-0.291233954,-0.243328067,-0.356127557,-0.58575405,-1.512230615,0.001912783,0.207443811,-0.462776911,-0.154347181,-0.881570208,-0.295210974,-1.793189911,-0.116143703,-0.334857344,-1.930189246
175,-1.750344427,-2.085977052,-0.539138425,-1.223462364,-1.613287596,-1.07252258,-1.44323099,-1.843214299,1.95988006,-0.904999008,-0.410234692,0.052122234,-0.677542017,-0.599828509,-0.668615472,-0.348063038,-1.397673832,0.716126824,-0.767043802,0.081188357,-0.475699464,1.403180025,-1.824589044,1.002355774,-0.440961271,-1.092356464
176,0.276771493,0.110345806,-0.236842745,0.817278509,0.603345451,0.496271075,1.905308572,1.428411456,-0.825071576,0.411630113,-0.270921691,0.194487235,0.403532571,1.410461703,0.427905306,1.325274773,0.981930515,-0.818563624,0.345153989,0.223327657,0.261781975,-0.20521053,0.681546288,0.722750755,0.581367801,0.677961248
177,-0.489762671,0.2778811,0.163137257,-1.022744726,-0.494528844,-1.234579779,-1.761784905,-1.327706947,1.460309317,-0.467785673,-0.589604174,-0.116883389,-0.334191761,1.703214802,1.192265614,1.185061004,0.11206158,-0.848385458,-0.299322459,-0.215914482,-0.892352311,0.62348238,1.073394637,0.789290685,-0.484025995,1.010153865
178,0.093518113,0.338302288,0.824829525,-0.466755034,-0.356739929,-0.406087549,0.158462058,0.481644141,-1.063491812,-0.163478245,0.124346507,-0.427919317,-0.230247667,-0.611190958,1.232412996,-0.707215728,0.417192286,0.126224684,-0.292071797,-0.777647557,-0.317902166,-0.357994076,-0.699278557,-1.430392539,-0.695742596,-1.566923602
179,0.182977225,0.275050305,-0.158355697,0.498767715,0.408989699,1.579552022,1.442429637,-0.686470941,-1.124121293,0.337325976,-0.529207241,0.088056608,1.056534259,0.521904383,0.066092048,1.433785699,0.848611228,-1.002994167,-0.128458837,-0.261527781,0.115051475,-0.213820755,1.952513799,1.3451878,-1.157627771,1.300215922
180,0.240981333,-0.306360519,0.876544242,-1.012662511,-1.447923125,-1.191791242,-1.036477589,-2.224939698,1.506038139,0.492924089,0.303315839,-0.235695579,-0.272136666,-1.748263252,0.208606307,-0.804421314,0.862915005,-0.014369905,0.447054299,0.131823925,-0.598497831,2.103163558,0.950031306,3.199671498,2.821307531,2.415565572
181,3.991546269,1.402161054,1.802386171,3.039411014,1.834154998,1.133122385,1.509315752,-0.28751414,-0.629708588,-3.919233374,-2.050907106,1.577968268,3.334514294,0.277012672,1.340630288,1.551635468,1.137672406,-1.124923773,-4.957409271,-0.471806919,-0.858138679,0.13761416,0.211978148,0.508766797,-1.374795485,0.428455234
182,-0.311910922,1.468519671,-0.713059948,-0.619064368,-1.090584134,-1.832398514,-0.894674985,-1.963324623,0.864205239,-0.243665295,0.068601106,-0.641617092,0.048040386,-0.311604592,-1.670466008,0.393371015,0.405866143,0.350372778,-0.737733277,-0.718256515,-0.832262295,-1.33701972,-2.28342597,-2.273712888,-2.461308943,1.749682191
183,-1.559188069,-0.145070203,-0.772863141,-2.405096019,-1.614848039,-1.962908519,-2.312411418,-1.677776585,2.260092716,-0.664429375,-0.646397591,-0.393523853,-0.358850979,-0.711767415,-1.976557514,-1.133072687,-1.256839094,1.414954305,-0.571280869,0.752709895,0.038409009,-0.604658448,0.026671358,0.131717068,0.752222404,0.320118295
184,2.133698602,3.326894095,3.599669607,0.538209856,1.055138882,0.151025782,0.590701914,2.278856714,-0.451274404,-0.732067592,-0.494046681,-1.697236433,-0.921903738,-2.076660844,-2.355436176,-0.989974475,-2.28395645,1.371561764,-0.646413195,-0.921404195,-1.52910581,-2.378951441,-2.598949728,-0.328964945,-2.08379876,-1.698694575
185,-1.047348912,-0.148177999,-1.228641671,0.60425951,0.269289683,-1.082344684,-0.166436391,-0.800769419,0.621356959,0.841061436,0.298938409,0.681508484,-0.042205264,-0.363611659,1.041535756,0.555704231,0.457137624,-1.852946199,0.033031061,0.478633626,-0.124132323,-0.674804867,-0.313921605,-0.105607371,1.135200409,-0.936174972
186,-1.746522881,-1.42006745,-0.118948721,-0.248875894,-2.857208168,-1.807061357,-2.23094441,-3.959857869,1.114087399,-0.037480097,-0.110985495,-1.0453715,-0.432932545,-0.913207594,0.263697296,-1.106781109,-1.15812911,0.803876556,0.366181824,-0.923536243,0.915893468,-0.393169364,0.441437577,2.352660914,-1.170505342,-0.942277208
187,2.130604619,3.688517714,0.345528131,2.136397005,-0.730377053,0.031883076,3.112739355,1.60175235,-2.493839081,-0.00921793,2.125200798,-1.49282062,0.519576063,0.194086638,-1.654464219,0.251770731,1.479646158,-3.953658723,2.995437521,3.402567086,2.981495992,3.4449016,-1.006215584,1.205572512,0.014964049,0.224236712
188,-0.728565737,-2.10218034,-1.916098971,-0.723913776,-0.67151087,-1.092406186,-2.761262332,-2.357896924,1.759330236,-0.368861954,-0.757764666,-0.981259374,0.516881663,0.060186431,1.692424124,-0.912695101,0.114447445,-0.45619912,0.634366432,1.168169738,0.863251216,1.863922566,6.644454535,4.724387922,3.063787792,2.862835839
189,-0.125122492,-0.167241065,-0.096538849,0.327674671,-0.342235885,-0.122131806,0.799642097,1.281414234,-0.244225517,-0.666642094,-0.64396517,-0.607823159,-0.310726295,-1.497398777,-1.421874439,-1.162132073,-1.557630857,1.223780184,-0.528875486,-0.609403285,-0.739140083,-0.150232256,-0.440939258,-1.244976366,0.530810268,-0.721163279
190,0.511366204,3.52172129,1.799096014,1.405051841,2.303311614,-1.140171414,1.387098987,3.01320721,-1.258007223,1.740896096,-1.009463357,2.91403119,-0.337770591,-0.014927595,3.13547048,0.200362998,1.898173805,0.951333107,-3.616187603,0.333561592,4.691915556,-2.77652976,2.150814399,-0.934470968,0.338618804,1.978911422
191,-0.545160256,-0.03994734,-1.087673369,1.017790184,2.056634663,0.314516572,2.821068476,-0.194896734,-1.713736161,0.278444671,-0.80124386,0.305167338,0.278595384,2.15692384,0.885705306,0.943527519,0.632457443,-0.532726364,-0.292355308,0.046111268,-0.029099224,0.935004698,3.950869,0.012820405,2.109919036,0.040989825
192,-2.277764209,-0.070274178,-0.686446381,-0.89175635,-1.004298561,-1.717760696,-0.986449411,-3.606287929,1.967283736,-0.487233279,-0.53265959,-0.549757706,-0.742187908,0.431107372,-0.130418213,-0.205474321,-1.058549506,-0.132378083,-0.064086126,0.220894492,-0.975610497,-1.50125404,0.029866193,-0.639907761,-1.137527001,0.660609118
193,2.799793773,5.431867162,1.84431843,2.738391409,1.233946325,2.373323302,0.393111852,1.516820819,-1.329189683,-0.760195024,0.789595149,-2.644622074,1.621091384,-1.215845582,0.190460749,0.13306318,0.527214533,0.110919485,0.504645112,1.692880848,-0.272828508,1.137489059,1.486919782,0.666212783,1.370475457,2.209684517
194,-0.623414706,-0.41186275,-0.737217986,-0.479895618,-0.25167767,-0.498195534,0.559644829,-1.205724669,0.203293612,-0.860159788,-0.723651928,-1.141058743,-0.99211825,-1.960973384,-1.402238641,-1.865473217,-1.032278961,0.445266049,-0.910619781,-1.150735754,-1.1974977,-1.407442007,-1.909370153,-0.424585925,-2.947895689,-1.298753221
195,-0.180387794,-0.165843627,-0.057498158,-0.083194371,-0.220838294,0.568094096,-0.185510092,0.187649121,0.094818699,-0.734777266,-1.016698482,-1.257593833,-1.121299735,-1.225306856,0.309609227,0.267772067,-1.049708853,1.356522074,-0.969329096,-0.728850485,-0.514759488,-1.472489966,-1.200763738,-1.038986592,-2.75017841,-2.139588479
196,-0.748289144,-1.436899572,-0.44787303,-1.06927941,-0.575971089,-0.394226532,-0.911491181,-0.219233208,0.203327053,-0.031918647,0.417379904,-0.356253345,-0.472929706,-0.629174473,-0.011319757,-0.326940782,-0.55593845,-0.082603528,-0.238667056,-0.622014714,-0.262705472,0.332324849,0.096337995,-0.081908649,0.51554523,-0.361474666
197,1.203762393,1.173796569,1.18613048,0.738723885,0.465317158,-0.251840357,0.180449638,1.730848334,-1.121677377,-0.683384179,-0.18378006,-1.004762727,-1.027071593,-1.307176368,-2.368605504,-1.745316918,-1.850005255,2.693167291,-0.716696416,-0.797917699,-1.178352517,-1.094137716,-0.728478833,-1.433062753,-1.769724495,-1.49730987
198,0.646780152,0.738457682,0.493031837,-0.260546486,-0.043864576,0.162595611,0.485435005,0.081486679,-0.228350917,0.03790514,-0.459037095,0.286847642,0.01255909,-0.47323366,-0.676339981,0.094580346,-0.405039887,-0.3525076,-0.38721956,0.279335632,0.268889994,-0.727576901,0.128162668,-0.637221048,0.327119219,0.051506643
199,-0.665600615,-0.370375155,-1.539753311,0.078538796,-1.718172541,-2.104064064,-1.773650613,-0.246588548,1.064030107,-0.069129291,-0.876731161,0.017841963,-0.935514592,-0.783667714,-1.40513393,-1.682174664,-0.756816655,0.576617783,-0.432800025,0.566108134,0.822388495,-0.928253243,-0.090569441,-0.536274674,1.947280328,-0.821819104
200,-1.505664794,-1.984505749,-1.535857044,-1.360638662,-0.986501891,-1.536148956,-2.373739152,-0.750473444,1.38768834,-1.533471755,-0.668205724,-0.729409207,-0.917940293,-0.693554915,-1.002730575,-0.493860566,-1.329014263,0.609415157,-0.192883946,-0.592739359,-0.98192893,-1.236708575,-1.566230719,-1.906423646,-1.28180061,-1.538815363
201,0.815735734,0.35385045,0.100404822,-0.604869727,-0.171569551,-0.201089374,0.10013532,0.344700746,-0.186746509,0.232660342,-0.398259936,0.23601762,-0.120746842,-0.665566334,-0.437049972,-0.852846792,-0.305082452,-0.001539995,-0.462399773,0.011340413,0.056205432,0.362808959,0.11296277,0.443662687,-0.931596419,0.555407017
202,-0.210048649,-0.463922709,0.024603116,-0.291140948,-0.945033428,0.641961485,0.150196692,0.7632638,0.365623117,-0.919937484,-0.697555773,-0.69235102,-0.768280727,-2.26165488,-0.73887522,-0.580055784,-0.929544309,1.464404365,-0.868685833,-0.61982451,-1.532503586,-1.100464518,-1.091107804,-0.038549522,-0.974803173,-2.625165882
203,-0.839956679,-0.773781057,-1.71368702,-2.070653773,-2.097432535,-1.179942632,-0.591942609,-1.892868487,0.987355495,-0.860132213,-0.693353319,0.366636386,-1.221428397,-1.210660361,0.626258733,0.29994314,-0.399987762,0.152518871,-1.182714223,-0.362302289,0.354790186,-0.471000681,-0.148165507,-0.06505172,2.614633305,-0.604598526
204,-0.303472325,0.24924121,-0.034190204,0.384608277,-0.229993002,-0.034629775,0.053522407,1.065379926,0.539358569,-0.497107666,-0.366161253,0.173171525,-0.655253567,-0.103645856,-0.985791632,0.396740256,0.761111392,0.737963436,-0.413576419,-0.6746639,-0.038459241,-0.506681794,0.064464459,-0.347963146,-0.774238102,0.35247612
205,-0.535307678,-0.345918713,-0.689752148,-0.66449149,-0.536723346,-0.806173471,-1.145171866,-0.268681074,1.39787613,-0.840589163,-0.798467714,-0.977677201,-1.039622649,-1.316846899,-1.034305251,-1.793707732,-0.08976178,1.808262827,-0.634239744,-0.868921019,-0.5544391,-1.433121315,-0.940340388,-1.30792563,-1.334059477,-1.070813963
206,2.993433859,1.347631803,1.982640805,0.684564377,-0.043096219,0.298438049,1.835291883,2.281765194,-0.87013591,0.254983491,2.914524086,1.106216829,2.223038196,-1.542970904,3.106660414,3.500615723,2.616009699,-4.110676816,2.725618439,2.061466432,3.48649961,-0.986601397,0.280216207,1.611754643,2.005698794,0.202061303
207,-0.756265014,-0.62658723,-0.531786119,-0.785370958,-0.854075569,-1.032643379,-0.741673615,-0.640798064,0.659233346,-0.453856004,-0.626291024,-0.862431573,-0.725445884,-1.122445001,-0.92940937,-0.653763717,-0.535346458,0.945174937,-0.654628509,-0.896085202,-0.561498644,-1.211102031,-0.307336012,-0.641957075,0.154082924,1.134440437
208,-0.46666908,-0.657423744,-0.864723099,-0.498640842,-0.729214995,-1.189356255,0.411325144,-0.548461284,1.322319915,-0.534778714,-0.694517394,-0.746487069,-1.317049344,-1.231787454,-0.98731033,-0.215679945,-1.405186198,1.558646981,-0.579954455,-1.153646824,-0.421003197,-1.554063727,0.590561257,-2.345346616,-0.697175614,0.816754455
209,2.516683325,2.572019256,1.896224745,1.923715048,0.051973783,-0.38808064,1.050153431,0.609944153,-0.291754391,-0.375372388,-0.195859874,1.842780022,1.498297773,1.439953821,-0.238768151,-1.180609391,1.400919285,-1.459017939,2.421775173,-2.471065279,0.658741259,0.877544929,-1.112977619,1.024966166,-1.718230616,1.995593182
210,2.004611265,2.364171641,2.723610544,2.907883155,2.124631227,1.256206797,0.222590933,2.409985812,-1.594170892,-1.798049202,0.82183552,1.50327123,1.024419298,3.588283755,0.588939275,0.862148648,1.553418482,-1.14481757,2.958794146,3.713375278,1.199902915,3.94398041,2.978258423,3.801985359,3.524182672,3.217908699
211,-0.771999141,-0.711097631,-0.800959348,-1.036350191,-1.228725793,-1.131332001,-0.879247229,-0.887123386,2.190063836,-0.546759206,-0.611878747,-0.800622979,-0.771909923,-0.545083941,-1.675461235,-0.485361473,-0.546962671,0.853436491,-0.36585833,-0.483542409,-0.331383578,-0.523243998,-1.765929634,2.304402282,0.489981561,0.820095102
212,-0.774029343,-1.214068202,0.754920794,-0.616640623,-1.964009476,-0.976960989,0.003009373,0.28616111,1.495693165,-0.564591108,-0.74944792,-0.546906034,-1.04135137,-1.490636114,-1.33257997,-0.80444998,-1.242188066,1.745166361,0.153599444,0.017903516,0.354568343,0.333400206,-1.967681338,0.930589713,0.770172031,1.22630729
213,0.178243495,-0.14992116,0.6730234,-0.332830138,-0.335478504,-1.388303808,0.800721157,-0.432771804,-0.619441748,-0.736411621,-1.010651995,-0.659870987,-1.352750118,-1.668077649,-1.303843262,-1.832220965,-0.741141992,0.971650291,-0.800782936,-0.70922049,-1.087724277,-1.175412989,-1.018307989,-2.258269574,-2.913323965,-1.602078129
214,-1.106162843,-0.456979512,-0.880025901,-0.527779603,-0.92202562,-0.068792105,0.551749206,0.514061761,0.537398124,-0.544211291,-0.933147567,-0.930798254,-1.427911899,-1.298196692,-0.80139623,-1.904097181,-2.895391852,1.339363474,-0.802953819,-0.78840388,-0.918260871,-1.415866347,-1.860451528,-1.47952307,-0.270367608,-0.516770174
215,-0.6971961,-1.049908225,-1.021928509,-1.214144072,-1.595245421,-0.910940365,-0.672136021,-1.239692324,0.964487073,-0.60846364,-0.283864754,-0.834060954,-0.400100193,-0.238777105,-0.550995221,-1.438798396,-1.59227074,0.746091414,-0.60166785,-0.024014309,-0.865650686,-0.551845312,0.556339835,0.338082066,-0.938213567,0.408244548
216,-1.143048925,-0.757535952,-0.322255606,-0.365113301,-1.09360777,-0.384320643,0.526697955,-1.481879842,0.306947788,0.179942488,-0.0438055,0.460616604,0.814028055,0.290951953,-0.136402404,0.051645055,0.708377162,-0.259193853,0.904069771,0.001566284,0.891369082,0.575255042,0.557152855,1.85281808,-0.050209024,-0.374947513
217,-0.657064412,-1.037076608,-0.75153579,-1.125081803,-1.415385688,-1.026039085,-0.521733709,-1.263942455,0.625008062,-0.706834493,-0.561704118,-0.596872818,-1.239955505,-0.359875622,-1.139730916,0.415107162,-0.922783414,1.034254422,-0.324365918,-0.800166801,0.046152397,-0.644082161,0.943916445,2.289207569,-0.989830687,0.856855369
218,-0.402467331,-0.401090193,-0.578048738,-0.684100481,-0.746560018,-0.666283695,-0.343631807,0.574589474,1.197502862,-0.056869971,0.113608863,-0.376980404,-1.002595258,0.075304212,-0.804762146,-0.808073782,0.272337629,0.355967937,-0.211115571,-0.347051804,-0.353517326,-0.82705467,-0.497099573,-0.333809978,0.317217836,-0.202999419
219,1.537984055,0.389216213,2.816598102,-0.778721689,-0.08567873,-0.232165905,0.830787436,-1.465899261,1.529649346,-0.557817826,-1.084063741,-0.662330999,-0.47543304,-1.959195184,-1.91694257,-2.867148807,-2.549578351,1.3557771,-0.702517451,-0.658311076,-1.150293393,-1.087053071,-0.747604255,-1.255625268,-1.017111316,0.217878753
220,2.480420471,3.124519425,0.774011731,-0.20653484,-1.635193179,-2.059903694,0.863156035,-0.821551261,-0.172903049,8.345643666,6.881340282,5.436981424,5.347423595,5.775836475,2.425148232,2.019712842,0.545911037,-5.41439802,12.7264604,7.083255191,11.41980856,5.522450644,5.735621055,2.837826865,2.711003668,1.404859966
221,-0.622210042,-1.92212091,-0.74817408,-0.280958543,-0.484724696,-0.884622938,-1.498055711,0.913251162,1.181746085,-0.206265248,-0.582322161,-0.328384512,-0.718311062,-1.011197516,-0.659890299,0.159242513,-1.009493866,0.270268193,-0.256888872,-0.954161308,-0.28899417,-0.839431574,-1.276153711,-2.490874998,-2.021723279,-1.457819194
222,-0.554850504,-0.654630967,-0.462999503,-0.454148819,-0.707860743,0.262184792,-0.850470728,0.368047693,0.205222476,-0.383704743,-0.513404904,-0.739169213,-1.221917682,-0.807935991,-0.502826659,-0.663060232,-0.244793289,1.010534257,-0.625127717,-0.788017827,-0.682968877,-0.230042652,0.694090263,0.429792246,0.043152973,-0.863464837
223,-0.517662904,-0.461199437,-0.112315097,0.506262448,-0.014966665,-0.200450007,0.039156013,2.06943116,0.569999599,-0.42160184,0.188114958,-0.599983771,0.127811103,0.180009321,-0.51943622,-0.457016646,0.292228728,-0.47965463,-0.191238313,-0.007479596,0.323735714,-0.54881311,-0.322455617,-0.907140433,0.257538778,0.606137119
224,-0.903691392,-1.715546259,-1.725327842,-0.846685496,-0.753042029,-1.097850414,-1.63618027,-1.606861293,0.690117491,-0.72208108,-0.508813437,-0.969789892,-0.79465811,-1.487743381,-1.859698983,-0.268020038,-2.011744775,0.609659319,-0.377618341,-0.318775692,-1.908368383,-1.73141788,-0.528409957,-0.199203036,-0.870791448,0.377978533
225,-0.994909203,-0.870909925,-0.38360135,-0.84201142,-0.811384326,-0.932000344,-1.046499563,-1.27099806,1.229017045,-0.650049015,-0.401503672,-0.526517136,-0.6101037,-1.135390644,-1.006145396,-1.449992715,-1.293937754,0.694941221,-0.082256623,-0.334460744,-0.248513266,-0.668895847,1.044453768,2.929044393,-0.432959876,1.273737513
226,1.198434468,-0.044908373,0.469526431,-0.223371229,-0.741424646,-0.838031914,-0.528261201,-1.85664925,1.711456685,0.14998144,-0.412906743,0.195921618,-0.498880682,-0.556506661,-1.371940261,-1.073643174,-0.857700712,0.753703578,0.570507119,0.569837416,0.586049601,0.516757284,1.247215562,1.175656588,2.00622757,-1.941035901
227,-0.827467607,-0.279581695,-0.140385653,-0.628357727,-0.69098769,-0.082317653,0.326236315,-0.091983109,0.020553226,-0.562517643,-0.932889231,-0.625841493,-0.989766789,-0.25273473,-0.29132321,-0.145299899,-0.083314318,0.664901995,-0.402004342,-0.635831259,-0.196487406,-0.710409321,1.039233198,-0.923380048,0.446558843,-0.256111763
228,4.232287853,2.497320957,1.841264577,1.149888118,1.599074042,0.981146386,3.145237097,1.800063775,-3.351289672,3.080366622,5.03814162,0.738057319,-0.375183308,3.385915268,0.578336636,3.500526058,1.258269514,-1.847829412,2.623730497,2.923106285,3.781148091,0.888631898,-2.835940063,1.518716345,1.349348916,0.344479679
229,-1.269615112,-1.009990809,-1.044519217,-1.255824396,-2.015744849,-0.696133759,-1.552720807,-1.644552937,1.206051111,-0.812835626,-1.114399712,-0.584381426,-0.761295415,-0.27468933,-0.586254216,-1.430843534,0.012748352,1.352447757,0.038780867,-0.890294069,-1.044500833,-0.924884749,-0.128189653,-1.840852185,-1.536479798,-1.715132233
230,4.321530847,2.533293565,3.699865046,2.114237608,0.219593334,0.098928447,0.037132894,1.718306079,-2.853037612,5.037333544,-0.182060557,1.052233816,2.70965123,0.547369899,1.446574552,2.453729891,2.1977266,-2.153270283,-0.351797377,2.720351433,3.56430329,-0.201522077,-0.320007006,1.614171069,0.821786974,1.900139237
231,-0.446012462,-0.711126385,-0.450612267,-0.969207367,-1.437810385,-0.79345897,-0.025225039,-0.609773086,1.763637404,-0.790121357,-0.82443655,-0.699955268,-0.566331074,-1.166395484,-0.494964723,-0.558356405,-0.195331283,-0.018132303,-0.165885201,0.004310206,0.448346236,-0.778632841,0.783682484,-0.46924654,-0.272980571,0.055567267
232,2.027086807,3.58924366,1.655638089,1.694714592,1.066752027,2.46005813,0.391869979,1.527183616,-0.133746227,-1.33279158,0.204160389,-2.021855134,-1.760758925,-1.084215569,0.024241414,0.64108798,1.287508387,0.732273919,-1.224882331,-1.389309845,5.44388537,-0.383503633,-2.529246959,-0.667685547,-2.377973724,2.242558057
233,-0.026320119,0.015485147,0.476309958,-0.215934981,0.618417199,0.128355821,1.222565502,1.634737427,-0.798569052,-0.361885063,-0.370602834,-0.3725672,-0.408891787,-0.166149872,0.365789505,-0.688925206,0.047871203,-0.329422641,-0.554117802,-0.285697245,-0.24905885,-0.89180068,-0.632052784,-0.489567155,-0.129570178,0.105343025
234,-0.517380278,-0.068855261,-0.097351344,-0.217281828,-1.127615498,0.03130012,0.032610664,-0.363042384,0.34802929,-0.879159068,-0.970221325,-1.49188869,-1.533168052,-0.968688844,-0.203674972,-0.582983833,-0.359617593,0.981739714,-0.616266804,-0.728231418,-0.351260567,-1.332423787,1.622143207,0.43283907,-0.240759418,-3.050924024
235,1.172404167,0.860494184,0.920532242,0.356053889,-1.172084381,-0.659881296,-0.980438357,1.932540908,-1.121267444,9.806589359,6.821422932,9.128108031,3.670949538,5.23383787,2.187399866,5.128742118,1.654705253,-3.118731634,5.14384501,5.782871989,3.258819243,4.87415458,2.238958654,3.069542395,2.847958775,1.47066488
236,0.204231959,-1.358095405,-0.592995151,-0.891270953,-0.926878703,-1.551895279,0.467379685,-1.800184137,1.440530473,-0.260155628,-0.094821101,-1.26457683,-0.268940381,-1.2343771,-1.659894454,-1.324807521,-1.245221668,0.826341372,-0.777912494,-1.176165895,0.808858359,1.423614497,0.497814018,-0.311508655,-1.786565296,3.924997315
237,1.952587547,-0.968418666,1.794183894,-0.590047363,0.425371059,0.978716595,2.040637855,-0.111694743,-0.804854335,3.150007533,1.678785355,-0.386739532,-1.189180877,-1.755955653,0.517916185,0.446124743,-0.390395689,0.758699645,2.77371151,3.410526025,-1.320304733,-1.817219776,-0.085331415,-1.40781985,0.822150658,1.205653113
238,-1.221840668,-0.995097671,-1.214245985,-0.664990388,-0.19974147,-0.629157228,-1.062500563,-1.885601959,1.694312913,-0.27078722,-0.330138843,-0.804812549,-0.063537379,1.259966213,0.425558535,-0.049127544,-1.289896286,0.039811591,0.276579179,-0.527659114,-0.179216508,-0.804735464,0.403894391,-0.780729773,-1.394504615,-1.261551742
239,-0.708134518,-0.692893217,-1.119590205,0.045393109,0.057777376,2.145184257,-0.342649266,-1.599660523,0.621580927,0.222294874,0.64451531,0.56208008,0.23523278,0.928383259,1.911980385,1.255360183,0.90425543,-1.133836946,0.208572578,-0.246252859,0.52981275,-0.230761709,2.493750686,0.180262963,0.691423881,1.0244877
240,-0.647946148,-0.477341641,-0.517545799,-0.807198576,-0.668487721,-0.549859696,-0.335884666,-0.451225424,0.850080617,-0.486283926,-0.56658432,-0.937329667,-0.9282263,-0.092292188,-1.5134935,0.320639374,-1.299461802,0.141915032,-0.34881488,-0.757350422,-0.127835148,0.621764676,1.899230631,0.376867123,-0.482113993,1.706724712
241,-0.362665255,-0.176390079,-0.719778502,-0.042529332,-0.492615457,-2.441653245,-1.241162487,-0.434922139,0.280907172,-0.805202488,-0.049900196,-0.201496429,-0.573473648,-1.035986702,-0.222100281,-1.040873,-0.927774901,0.685756329,-0.31420161,-0.442619889,0.01392032,-0.71780444,-1.235681251,-1.352225542,0.601907105,0.849849109
242,-0.718058345,-0.237239924,0.009819033,-0.701899739,0.202968345,-0.730463807,0.695803413,1.35751155,-0.547221904,-0.487468482,-0.551789353,-0.690681743,-0.980651337,-0.991107145,-1.248083532,-0.331105775,0.676561582,0.904990286,-0.803268408,-0.668006286,-0.747795951,-1.232703997,0.711929776,0.485570839,-1.286495283,0.111337919
243,1.686480973,1.338893841,2.61667274,2.780123459,0.86183315,1.41806665,0.806156961,0.113237776,-1.108095904,-0.802531996,4.009680369,0.672376276,-0.381443546,4.539834374,0.884049607,1.63067765,0.251897958,-3.676878708,-3.362342578,1.288033391,-2.274607473,1.831604473,-0.766390005,0.536875909,-0.919167913,0.027966087
244,-0.946412109,-1.25120632,-0.681568754,-1.195051533,-1.192749408,-0.407390504,-1.238663536,-1.256857318,1.125434001,-0.903929199,-0.659505789,-0.909587296,-0.689050775,-1.080474932,-1.865631006,-0.346862449,-0.12923681,1.424402624,-1.270532273,-1.248219469,-1.274469263,-1.730749407,-2.047660613,-0.36971293,-1.370970579,-0.370285391
245,-0.944370885,-0.509145911,-0.706900032,-1.005242542,0.016097864,0.870103947,0.602779815,-0.970843436,1.567749466,1.51526174,0.377032131,0.710646427,0.746862811,0.149942261,-0.2257008,0.922239416,-0.147303185,-0.726262894,1.451019232,0.092338509,0.050071759,-0.019452263,1.884703442,-2.176918145,0.796074628,0.566780104
246,-0.836330318,0.067758231,-0.559675197,-0.535519844,-1.07577273,-0.546454993,-1.607436723,-0.279457147,0.1717405,-0.736394162,-1.022383291,-0.08451317,0.032390801,-0.841934977,-2.6580696,-1.949839006,-1.206008236,0.793811128,-1.057023282,-0.587220337,-0.21946571,2.250058257,-1.557524182,-0.529766976,-1.757140515,2.498178067
247,-0.362999701,-0.343011936,-1.212083332,-0.91880731,-1.908466797,-1.35777384,-1.602136534,-3.335421564,2.582682193,-0.313014259,-0.566959788,-1.074517292,-0.12068494,-0.984679811,-1.353513945,-1.61254452,-0.595780689,2.096800784,0.385548769,-0.035266351,-0.981154353,-1.965613486,0.134055274,-2.736160028,0.160084598,-0.578176949
248,-1.030011638,-0.989638847,-0.3116634,-1.09197683,-0.54873383,0.503469155,-0.420625544,-0.02837199,1.041617784,-0.384436145,-0.053037445,-0.542262721,-0.364003324,-0.177267634,0.004746727,0.174469761,-0.441578577,0.453867644,-1.430927298,-0.277237939,-1.032688706,-1.024720863,-0.421420125,-1.218578893,-1.014325429,0.283630619
249,-0.261248279,0.715898378,0.31912406,-1.225402474,-0.071705284,-0.014265366,0.399999284,0.23404178,-0.359997815,0.104254796,-0.279576212,-0.201735474,-0.387774021,-1.158906808,0.452861346,-0.74523094,-0.53324735,-0.655359489,-0.1438607,-0.191179307,-0.516517361,-0.580027763,-0.528270423,-1.012020488,-0.107301625,-0.84768926
250,1.670426368,0.313717449,1.936681932,0.477883004,0.09312421,1.249745542,-0.055089381,3.124531395,-0.881607092,-0.687025564,-0.033906919,-0.724036989,-0.552205365,-0.983607835,-1.144268059,-0.235913901,-0.60455867,-0.135562789,-1.004591333,-1.454642087,-0.548132079,-1.73761141,-0.456306831,-0.218691612,-1.498670299,1.293792274
